equipment_code,line_code,operation_code,equipment_name,equipment_type,creator_binding_id,sort_order,status
SMT01_E001,SMT01,SMT_OP01,SVP_750_CONV01,CONVEYOR,/World/ProdLine/a_L_SMT_HST_Assy/t_id_L_SMT_HST_S01/id_L_SMT_HST_S01/L_SMT_HST/L_SMT_HST/ASSET_PROD/asset_L_SMT_HST_PROD/t_id_SVP_750_CONV01,1,ACTIVE
SMT01_E002,SMT01,SMT_OP01,MSS_L_T3F3_LM01,OTHER,/World/ProdLine/a_L_SMT_HST_Assy/t_id_L_SMT_HST_S01/id_L_SMT_HST_S01/L_SMT_HST/L_SMT_HST/ASSET_PROD/asset_L_SMT_HST_PROD/t_id_MSS_L_T3F3_LM01,2,ACTIVE
SMT01_E003,SMT01,SMT_OP01,SIV_200_CONV02,CONVEYOR,/World/ProdLine/a_L_SMT_HST_Assy/t_id_L_SMT_HST_S01/id_L_SMT_HST_S01/L_SMT_HST/L_SMT_HST/ASSET_PROD/asset_L_SMT_HST_PROD/t_id_SIV_200_CONV02,3,ACTIVE
SMT01_E004,SMT01,SMT_OP02,SBC_200A_CONV03,CONVEYOR,/World/ProdLine/a_L_SMT_HST_Assy/t_id_L_SMT_HST_S01/id_L_SMT_HST_S01/L_SMT_HST/L_SMT_HST/ASSET_PROD/asset_L_SMT_HST_PROD/t_id_SBC_200A_CONV03,1,ACTIVE
SMT01_E005,SMT01,SMT_OP02,NeoHorizon_03ix_SP01,OTHER,/World/ProdLine/a_L_SMT_HST_Assy/t_id_L_SMT_HST_S01/id_L_SMT_HST_S01/L_SMT_HST/L_SMT_HST/ASSET_PROD/asset_L_SMT_HST_PROD/t_id_NeoHorizon_03ix_SP01,2,ACTIVE
SMT01_E006,SMT01,SMT_OP03,SBC_200A_CONV04,CONVEYOR,/World/ProdLine/a_L_SMT_HST_Assy/t_id_L_SMT_HST_S01/id_L_SMT_HST_S01/L_SMT_HST/L_SMT_HST/ASSET_PROD/asset_L_SMT_HST_PROD/t_id_SBC_200A_CONV04,1,ACTIVE
SMT01_E007,SMT01,SMT_OP03,TR7007L_SII_Plus_SPI01,AOI,/World/ProdLine/a_L_SMT_HST_Assy/t_id_L_SMT_HST_S01/id_L_SMT_HST_S01/L_SMT_HST/L_SMT_HST/ASSET_PROD/asset_L_SMT_HST_PROD/t_id_TR7007L_SII_Plus_SPI01,2,ACTIVE
SMT01_E008,SMT01,SMT_OP03,SWT_200A_CONV05,CONVEYOR,/World/ProdLine/a_L_SMT_HST_Assy/t_id_L_SMT_HST_S01/id_L_SMT_HST_S01/L_SMT_HST/L_SMT_HST/ASSET_PROD/asset_L_SMT_HST_PROD/t_id_SWT_200A_CONV05,3,ACTIVE
SMT01_E009,SMT01,SMT_OP04,Panasonic_NPM_W2_PP01,ROBOT,/World/ProdLine/a_L_SMT_HST_Assy/t_id_L_SMT_HST_S01/id_L_SMT_HST_S01/L_SMT_HST/L_SMT_HST/ASSET_PROD/asset_L_SMT_HST_PROD/t_id_Panasonic_NPM_W2_PP01,1,ACTIVE
SMT01_E010,SMT01,SMT_OP04,Panasonic_NPM_W2_PP02,ROBOT,/World/ProdLine/a_L_SMT_HST_Assy/t_id_L_SMT_HST_S01/id_L_SMT_HST_S01/L_SMT_HST/L_SMT_HST/ASSET_PROD/asset_L_SMT_HST_PROD/t_id_Panasonic_NPM_W2_PP02,2,ACTIVE
SMT01_E011,SMT01,SMT_OP05,Panasonic_NPM_W2_PP03,ROBOT,/World/ProdLine/a_L_SMT_HST_Assy/t_id_L_SMT_HST_S01/id_L_SMT_HST_S01/L_SMT_HST/L_SMT_HST/ASSET_PROD/asset_L_SMT_HST_PROD/t_id_Panasonic_NPM_W2_PP03,1,ACTIVE
SMT01_E012,SMT01,SMT_OP05,Panasonic_NPM_W2_PP04,ROBOT,/World/ProdLine/a_L_SMT_HST_Assy/t_id_L_SMT_HST_S01/id_L_SMT_HST_S01/L_SMT_HST/L_SMT_HST/ASSET_PROD/asset_L_SMT_HST_PROD/t_id_Panasonic_NPM_W2_PP04,2,ACTIVE
SMT01_E013,SMT01,SMT_OP06,Panasonic_NPM_W2_PP05,ROBOT,/World/ProdLine/a_L_SMT_HST_Assy/t_id_L_SMT_HST_S01/id_L_SMT_HST_S01/L_SMT_HST/L_SMT_HST/ASSET_PROD/asset_L_SMT_HST_PROD/t_id_Panasonic_NPM_W2_PP05,1,ACTIVE
SMT01_E014,SMT01,SMT_OP06,Panasonic_NPM_W2_PP06,ROBOT,/World/ProdLine/a_L_SMT_HST_Assy/t_id_L_SMT_HST_S01/id_L_SMT_HST_S01/L_SMT_HST/L_SMT_HST/ASSET_PROD/asset_L_SMT_HST_PROD/t_id_Panasonic_NPM_W2_PP06,2,ACTIVE
SMT01_E015,SMT01,SMT_OP06,Panasonic_NPM_W2_PP07,ROBOT,/World/ProdLine/a_L_SMT_HST_Assy/t_id_L_SMT_HST_S01/id_L_SMT_HST_S01/L_SMT_HST/L_SMT_HST/ASSET_PROD/asset_L_SMT_HST_PROD/t_id_Panasonic_NPM_W2_PP07,3,ACTIVE
SMT01_E016,SMT01,SMT_OP07,Panasonic_NPM_W2_PP08,ROBOT,/World/ProdLine/a_L_SMT_HST_Assy/t_id_L_SMT_HST_S01/id_L_SMT_HST_S01/L_SMT_HST/L_SMT_HST/ASSET_PROD/asset_L_SMT_HST_PROD/t_id_Panasonic_NPM_W2_PP08,1,ACTIVE
SMT01_E017,SMT01,SMT_OP07,Panasonic_NPM_W2_PP09,ROBOT,/World/ProdLine/a_L_SMT_HST_Assy/t_id_L_SMT_HST_S01/id_L_SMT_HST_S01/L_SMT_HST/L_SMT_HST/ASSET_PROD/asset_L_SMT_HST_PROD/t_id_Panasonic_NPM_W2_PP09,2,ACTIVE
SMT01_E018,SMT01,SMT_OP08,Panasonic_NPM_W2_PP10,OTHER,/World/ProdLine/a_L_SMT_HST_Assy/t_id_L_SMT_HST_S01/id_L_SMT_HST_S01/L_SMT_HST/L_SMT_HST/ASSET_PROD/asset_L_SMT_HST_PROD/t_id_Panasonic_NPM_W2_PP10,1,ACTIVE
SMT01_E019,SMT01,SMT_OP08,Panasonic_NPM_W2_PP11,OTHER,/World/ProdLine/a_L_SMT_HST_Assy/t_id_L_SMT_HST_S01/id_L_SMT_HST_S01/L_SMT_HST/L_SMT_HST/ASSET_PROD/asset_L_SMT_HST_PROD/t_id_Panasonic_NPM_W2_PP11,2,ACTIVE
SMT01_E020,SMT01,SMT_OP09,Panasonic_NPM_W2_PP12,OTHER,/World/ProdLine/a_L_SMT_HST_Assy/t_id_L_SMT_HST_S01/id_L_SMT_HST_S01/L_SMT_HST/L_SMT_HST/ASSET_PROD/asset_L_SMT_HST_PROD/t_id_Panasonic_NPM_W2_PP12,1,ACTIVE
SMT01_E021,SMT01,SMT_OP09,SGC_160B_CONV06,CONVEYOR,/World/ProdLine/a_L_SMT_HST_Assy/t_id_L_SMT_HST_S01/id_L_SMT_HST_S01/L_SMT_HST/L_SMT_HST/ASSET_PROD/asset_L_SMT_HST_PROD/t_id_SGC_160B_CONV06,2,ACTIVE
SMT01_E022,SMT01,SMT_OP09,TR7700L_SIII_AOI01,AOI,/World/ProdLine/a_L_SMT_HST_Assy/t_id_L_SMT_HST_S01/id_L_SMT_HST_S01/L_SMT_HST/L_SMT_HST/ASSET_PROD/asset_L_SMT_HST_PROD/t_id_TR7700L_SIII_AOI01,3,ACTIVE
SMT01_E023,SMT01,SMT_OP10,SWT_200A_CONV07,CONVEYOR,/World/ProdLine/a_L_SMT_HST_Assy/t_id_L_SMT_HST_S01/id_L_SMT_HST_S01/L_SMT_HST/L_SMT_HST/ASSET_PROD/asset_L_SMT_HST_PROD/t_id_SWT_200A_CONV07,1,ACTIVE
SMT01_E024,SMT01,SMT_OP10,CAC_670_PR01,OTHER,/World/ProdLine/a_L_SMT_HST_Assy/t_id_L_SMT_HST_S01/id_L_SMT_HST_S01/L_SMT_HST/L_SMT_HST/ASSET_PROD/asset_L_SMT_HST_PROD/t_id_CAC_670_PR01,2,ACTIVE
SMT01_E025,SMT01,SMT_OP11,HOTFLOW_3_26_XL_RF01,OTHER,/World/ProdLine/a_L_SMT_HST_Assy/t_id_L_SMT_HST_S01/id_L_SMT_HST_S01/L_SMT_HST/L_SMT_HST/ASSET_PROD/asset_L_SMT_HST_PROD/t_id_HOTFLOW_3_26_XL_RF01,1,ACTIVE
SMT01_E026,SMT01,SMT_OP11,SBL_820A_CONV08,CONVEYOR,/World/ProdLine/a_L_SMT_HST_Assy/t_id_L_SMT_HST_S01/id_L_SMT_HST_S01/L_SMT_HST/L_SMT_HST/ASSET_PROD/asset_L_SMT_HST_PROD/t_id_SBL_820A_CONV08,2,ACTIVE
SMT01_E027,SMT01,SMT_OP12,SBC_200A_CONV09,CONVEYOR,/World/ProdLine/a_L_SMT_HST_Assy/t_id_L_SMT_HST_S01/id_L_SMT_HST_S01/L_SMT_HST/L_SMT_HST/ASSET_PROD/asset_L_SMT_HST_PROD/t_id_SBC_200A_CONV09,1,ACTIVE
SMT01_E028,SMT01,SMT_OP12,TR7500L_SIII_AOI02,AOI,/World/ProdLine/a_L_SMT_HST_Assy/t_id_L_SMT_HST_S01/id_L_SMT_HST_S01/L_SMT_HST/L_SMT_HST/ASSET_PROD/asset_L_SMT_HST_PROD/t_id_TR7500L_SIII_AOI02,2,ACTIVE
SMT01_E029,SMT01,SMT_OP12,SWT_200A_CONV010,CONVEYOR,/World/ProdLine/a_L_SMT_HST_Assy/t_id_L_SMT_HST_S01/id_L_SMT_HST_S01/L_SMT_HST/L_SMT_HST/ASSET_PROD/asset_L_SMT_HST_PROD/t_id_SWT_200A_CONV010,3,ACTIVE
SMT01_E030,SMT01,SMT_OP13,SBL_820A_CONV011,CONVEYOR,/World/ProdLine/a_L_SMT_HST_Assy/t_id_L_SMT_HST_S01/id_L_SMT_HST_S01/L_SMT_HST/L_SMT_HST/ASSET_PROD/asset_L_SMT_HST_PROD/t_id_SBL_820A_CONV011,1,ACTIVE
SMT01_E031,SMT01,SMT_OP13,SIV_200_CONV012,CONVEYOR,/World/ProdLine/a_L_SMT_HST_Assy/t_id_L_SMT_HST_S01/id_L_SMT_HST_S01/L_SMT_HST/L_SMT_HST/ASSET_PROD/asset_L_SMT_HST_PROD/t_id_SIV_200_CONV012,2,ACTIVE
SMT01_E032,SMT01,SMT_OP14,SBL_820A_CONV013,CONVEYOR,/World/ProdLine/a_L_SMT_HST_Assy/t_id_L_SMT_HST_S01/id_L_SMT_HST_S01/L_SMT_HST/L_SMT_HST/ASSET_PROD/asset_L_SMT_HST_PROD/t_id_SBL_820A_CONV013,1,ACTIVE
SMT01_E033,SMT01,SMT_OP14,SBC_200A_CONV014,CONVEYOR,/World/ProdLine/a_L_SMT_HST_Assy/t_id_L_SMT_HST_S01/id_L_SMT_HST_S01/L_SMT_HST/L_SMT_HST/ASSET_PROD/asset_L_SMT_HST_PROD/t_id_SBC_200A_CONV014,2,ACTIVE
SMT01_E034,SMT01,SMT_OP14,NeoHorizon_03ix_SP02,OTHER,/World/ProdLine/a_L_SMT_HST_Assy/t_id_L_SMT_HST_S01/id_L_SMT_HST_S01/L_SMT_HST/L_SMT_HST/ASSET_PROD/asset_L_SMT_HST_PROD/t_id_NeoHorizon_03ix_SP02,3,ACTIVE
SMT01_E035,SMT01,SMT_OP15,SBC_200A_CONV015,CONVEYOR,/World/ProdLine/a_L_SMT_HST_Assy/t_id_L_SMT_HST_S01/id_L_SMT_HST_S01/L_SMT_HST/L_SMT_HST/ASSET_PROD/asset_L_SMT_HST_PROD/t_id_SBC_200A_CONV015,1,ACTIVE
SMT01_E036,SMT01,SMT_OP15,TR7007L_SII_Plus_SPI02,AOI,/World/ProdLine/a_L_SMT_HST_Assy/t_id_L_SMT_HST_S01/id_L_SMT_HST_S01/L_SMT_HST/L_SMT_HST/ASSET_PROD/asset_L_SMT_HST_PROD/t_id_TR7007L_SII_Plus_SPI02,2,ACTIVE
SMT01_E037,SMT01,SMT_OP16,SWT_200A_CONV016,CONVEYOR,/World/ProdLine/a_L_SMT_HST_Assy/t_id_L_SMT_HST_S01/id_L_SMT_HST_S01/L_SMT_HST/L_SMT_HST/ASSET_PROD/asset_L_SMT_HST_PROD/t_id_SWT_200A_CONV016,1,ACTIVE
SMT01_E038,SMT01,SMT_OP16,Panasonic_NPM_W2_PP13,OTHER,/World/ProdLine/a_L_SMT_HST_Assy/t_id_L_SMT_HST_S01/id_L_SMT_HST_S01/L_SMT_HST/L_SMT_HST/ASSET_PROD/asset_L_SMT_HST_PROD/t_id_Panasonic_NPM_W2_PP13,2,ACTIVE
SMT01_E039,SMT01,SMT_OP17,Panasonic_NPM_W2_PP14,OTHER,/World/ProdLine/a_L_SMT_HST_Assy/t_id_L_SMT_HST_S01/id_L_SMT_HST_S01/L_SMT_HST/L_SMT_HST/ASSET_PROD/asset_L_SMT_HST_PROD/t_id_Panasonic_NPM_W2_PP14,1,ACTIVE
SMT01_E040,SMT01,SMT_OP17,Panasonic_NPM_W2_PP15,OTHER,/World/ProdLine/a_L_SMT_HST_Assy/t_id_L_SMT_HST_S01/id_L_SMT_HST_S01/L_SMT_HST/L_SMT_HST/ASSET_PROD/asset_L_SMT_HST_PROD/t_id_Panasonic_NPM_W2_PP15,2,ACTIVE
SMT01_E041,SMT01,SMT_OP17,Panasonic_NPM_W2_PP16,OTHER,/World/ProdLine/a_L_SMT_HST_Assy/t_id_L_SMT_HST_S01/id_L_SMT_HST_S01/L_SMT_HST/L_SMT_HST/ASSET_PROD/asset_L_SMT_HST_PROD/t_id_Panasonic_NPM_W2_PP16,3,ACTIVE
SMT01_E042,SMT01,SMT_OP18,Panasonic_NPM_W2_PP17,OTHER,/World/ProdLine/a_L_SMT_HST_Assy/t_id_L_SMT_HST_S01/id_L_SMT_HST_S01/L_SMT_HST/L_SMT_HST/ASSET_PROD/asset_L_SMT_HST_PROD/t_id_Panasonic_NPM_W2_PP17,1,ACTIVE
SMT01_E043,SMT01,SMT_OP18,Panasonic_NPM_W2_PP18,OTHER,/World/ProdLine/a_L_SMT_HST_Assy/t_id_L_SMT_HST_S01/id_L_SMT_HST_S01/L_SMT_HST/L_SMT_HST/ASSET_PROD/asset_L_SMT_HST_PROD/t_id_Panasonic_NPM_W2_PP18,2,ACTIVE
SMT01_E044,SMT01,SMT_OP19,Panasonic_NPM_W2_PP19,OTHER,/World/ProdLine/a_L_SMT_HST_Assy/t_id_L_SMT_HST_S01/id_L_SMT_HST_S01/L_SMT_HST/L_SMT_HST/ASSET_PROD/asset_L_SMT_HST_PROD/t_id_Panasonic_NPM_W2_PP19,1,ACTIVE
SMT01_E045,SMT01,SMT_OP19,Panasonic_NPM_W2_PP20,OTHER,/World/ProdLine/a_L_SMT_HST_Assy/t_id_L_SMT_HST_S01/id_L_SMT_HST_S01/L_SMT_HST/L_SMT_HST/ASSET_PROD/asset_L_SMT_HST_PROD/t_id_Panasonic_NPM_W2_PP20,2,ACTIVE
SMT01_E046,SMT01,SMT_OP20,SGC_160B_CONV017,CONVEYOR,/World/ProdLine/a_L_SMT_HST_Assy/t_id_L_SMT_HST_S01/id_L_SMT_HST_S01/L_SMT_HST/L_SMT_HST/ASSET_PROD/asset_L_SMT_HST_PROD/t_id_SGC_160B_CONV017,1,ACTIVE
SMT01_E047,SMT01,SMT_OP20,TR7700L_QE_AOI03,AOI,/World/ProdLine/a_L_SMT_HST_Assy/t_id_L_SMT_HST_S01/id_L_SMT_HST_S01/L_SMT_HST/L_SMT_HST/ASSET_PROD/asset_L_SMT_HST_PROD/t_id_TR7700L_QE_AOI03,2,ACTIVE
SMT01_E048,SMT01,SMT_OP20,SWT_200A_CONV018,CONVEYOR,/World/ProdLine/a_L_SMT_HST_Assy/t_id_L_SMT_HST_S01/id_L_SMT_HST_S01/L_SMT_HST/L_SMT_HST/ASSET_PROD/asset_L_SMT_HST_PROD/t_id_SWT_200A_CONV018,3,ACTIVE
SMT01_E049,SMT01,SMT_OP21,CAC_670_PR03,OTHER,/World/ProdLine/a_L_SMT_HST_Assy/t_id_L_SMT_HST_S01/id_L_SMT_HST_S01/L_SMT_HST/L_SMT_HST/ASSET_PROD/asset_L_SMT_HST_PROD/t_id_CAC_670_PR03,1,ACTIVE
SMT01_E050,SMT01,SMT_OP21,HOTFLOW_3_26_XL_RF02,OTHER,/World/ProdLine/a_L_SMT_HST_Assy/t_id_L_SMT_HST_S01/id_L_SMT_HST_S01/L_SMT_HST/L_SMT_HST/ASSET_PROD/asset_L_SMT_HST_PROD/t_id_HOTFLOW_3_26_XL_RF02,2,ACTIVE
SMT01_E051,SMT01,SMT_OP22,SBL_820A_CONV019,CONVEYOR,/World/ProdLine/a_L_SMT_HST_Assy/t_id_L_SMT_HST_S01/id_L_SMT_HST_S01/L_SMT_HST/L_SMT_HST/ASSET_PROD/asset_L_SMT_HST_PROD/t_id_SBL_820A_CONV019,1,ACTIVE
SMT01_E052,SMT01,SMT_OP22,SBC_200A_CONV020,CONVEYOR,/World/ProdLine/a_L_SMT_HST_Assy/t_id_L_SMT_HST_S01/id_L_SMT_HST_S01/L_SMT_HST/L_SMT_HST/ASSET_PROD/asset_L_SMT_HST_PROD/t_id_SBC_200A_CONV020,2,ACTIVE
SMT01_E053,SMT01,SMT_OP23,TR7500L_SIII_AOI04,AOI,/World/ProdLine/a_L_SMT_HST_Assy/t_id_L_SMT_HST_S01/id_L_SMT_HST_S01/L_SMT_HST/L_SMT_HST/ASSET_PROD/asset_L_SMT_HST_PROD/t_id_TR7500L_SIII_AOI04,1,ACTIVE
SMT01_E054,SMT01,SMT_OP23,SWT_200A_CONV021,CONVEYOR,/World/ProdLine/a_L_SMT_HST_Assy/t_id_L_SMT_HST_S01/id_L_SMT_HST_S01/L_SMT_HST/L_SMT_HST/ASSET_PROD/asset_L_SMT_HST_PROD/t_id_SWT_200A_CONV021,2,ACTIVE
SMT01_E055,SMT01,SMT_OP23,SIV_200_CONV022,CONVEYOR,/World/ProdLine/a_L_SMT_HST_Assy/t_id_L_SMT_HST_S01/id_L_SMT_HST_S01/L_SMT_HST/L_SMT_HST/ASSET_PROD/asset_L_SMT_HST_PROD/t_id_SIV_200_CONV022,3,ACTIVE
SMT01_E056,SMT01,SMT_OP24,SBC_200A_CONV023,CONVEYOR,/World/ProdLine/a_L_SMT_HST_Assy/t_id_L_SMT_HST_S01/id_L_SMT_HST_S01/L_SMT_HST/L_SMT_HST/ASSET_PROD/asset_L_SMT_HST_PROD/t_id_SBC_200A_CONV023,1,ACTIVE
SMT01_E057,SMT01,SMT_OP24,AUI_4000L_D_ROUT01,OTHER,/World/ProdLine/a_L_SMT_HST_Assy/t_id_L_SMT_HST_S01/id_L_SMT_HST_S01/L_SMT_HST/L_SMT_HST/ASSET_PROD/asset_L_SMT_HST_PROD/t_id_AUI_4000L_D_ROUT01,2,ACTIVE
SMT01_E058,SMT01,SMT_OP25,YSF_VEX6_YSF_VEX7_VX01,OTHER,/World/ProdLine/a_L_SMT_HST_Assy/t_id_L_SMT_HST_S01/id_L_SMT_HST_S01/L_SMT_HST/L_SMT_HST/ASSET_PROD/asset_L_SMT_HST_PROD/t_id_YSF_VEX6_YSF_VEX7_VX01,1,ACTIVE
SMT01_E059,SMT01,SMT_OP25,V810i_S2_XLT_BX01,OTHER,/World/ProdLine/a_L_SMT_Bianca_Xray/t_id_L_SMT_Bianca_Xray_Bianca_Xray/id_L_SMT_Bianca_Xray_Bianca_Xray/L_SMT_Bianca_Xray/L_SMT_Bianca_Xray/ASSET_PROD/asset_L_SMT_Bianca_Xray_PROD/t_id_V810i_S2_XLT_BX01,2,ACTIVE
SMT02_E001,SMT02,SMT_OP01,SVP_750_CONV01,CONVEYOR,/World/ProdLine/a_L_SMT_HST_Assy/t_id_L_SMT_HST_S02/id_L_SMT_HST_S02/L_SMT_HST/L_SMT_HST/ASSET_PROD/asset_L_SMT_HST_PROD/t_id_SVP_750_CONV01,1,ACTIVE
SMT02_E002,SMT02,SMT_OP01,MSS_L_T3F3_LM01,OTHER,/World/ProdLine/a_L_SMT_HST_Assy/t_id_L_SMT_HST_S02/id_L_SMT_HST_S02/L_SMT_HST/L_SMT_HST/ASSET_PROD/asset_L_SMT_HST_PROD/t_id_MSS_L_T3F3_LM01,2,ACTIVE
SMT02_E003,SMT02,SMT_OP01,SIV_200_CONV02,CONVEYOR,/World/ProdLine/a_L_SMT_HST_Assy/t_id_L_SMT_HST_S02/id_L_SMT_HST_S02/L_SMT_HST/L_SMT_HST/ASSET_PROD/asset_L_SMT_HST_PROD/t_id_SIV_200_CONV02,3,ACTIVE
SMT02_E004,SMT02,SMT_OP02,SBC_200A_CONV03,CONVEYOR,/World/ProdLine/a_L_SMT_HST_Assy/t_id_L_SMT_HST_S02/id_L_SMT_HST_S02/L_SMT_HST/L_SMT_HST/ASSET_PROD/asset_L_SMT_HST_PROD/t_id_SBC_200A_CONV03,1,ACTIVE
SMT02_E005,SMT02,SMT_OP02,NeoHorizon_03ix_SP01,OTHER,/World/ProdLine/a_L_SMT_HST_Assy/t_id_L_SMT_HST_S02/id_L_SMT_HST_S02/L_SMT_HST/L_SMT_HST/ASSET_PROD/asset_L_SMT_HST_PROD/t_id_NeoHorizon_03ix_SP01,2,ACTIVE
SMT02_E006,SMT02,SMT_OP03,SBC_200A_CONV04,CONVEYOR,/World/ProdLine/a_L_SMT_HST_Assy/t_id_L_SMT_HST_S02/id_L_SMT_HST_S02/L_SMT_HST/L_SMT_HST/ASSET_PROD/asset_L_SMT_HST_PROD/t_id_SBC_200A_CONV04,1,ACTIVE
SMT02_E007,SMT02,SMT_OP03,TR7007L_SII_Plus_SPI01,AOI,/World/ProdLine/a_L_SMT_HST_Assy/t_id_L_SMT_HST_S02/id_L_SMT_HST_S02/L_SMT_HST/L_SMT_HST/ASSET_PROD/asset_L_SMT_HST_PROD/t_id_TR7007L_SII_Plus_SPI01,2,ACTIVE
SMT02_E008,SMT02,SMT_OP03,SWT_200A_CONV05,CONVEYOR,/World/ProdLine/a_L_SMT_HST_Assy/t_id_L_SMT_HST_S02/id_L_SMT_HST_S02/L_SMT_HST/L_SMT_HST/ASSET_PROD/asset_L_SMT_HST_PROD/t_id_SWT_200A_CONV05,3,ACTIVE
SMT02_E009,SMT02,SMT_OP04,Panasonic_NPM_W2_PP01,ROBOT,/World/ProdLine/a_L_SMT_HST_Assy/t_id_L_SMT_HST_S02/id_L_SMT_HST_S02/L_SMT_HST/L_SMT_HST/ASSET_PROD/asset_L_SMT_HST_PROD/t_id_Panasonic_NPM_W2_PP01,1,ACTIVE
SMT02_E010,SMT02,SMT_OP04,Panasonic_NPM_W2_PP02,ROBOT,/World/ProdLine/a_L_SMT_HST_Assy/t_id_L_SMT_HST_S02/id_L_SMT_HST_S02/L_SMT_HST/L_SMT_HST/ASSET_PROD/asset_L_SMT_HST_PROD/t_id_Panasonic_NPM_W2_PP02,2,ACTIVE
SMT02_E011,SMT02,SMT_OP05,Panasonic_NPM_W2_PP03,ROBOT,/World/ProdLine/a_L_SMT_HST_Assy/t_id_L_SMT_HST_S02/id_L_SMT_HST_S02/L_SMT_HST/L_SMT_HST/ASSET_PROD/asset_L_SMT_HST_PROD/t_id_Panasonic_NPM_W2_PP03,1,ACTIVE
SMT02_E012,SMT02,SMT_OP05,Panasonic_NPM_W2_PP04,ROBOT,/World/ProdLine/a_L_SMT_HST_Assy/t_id_L_SMT_HST_S02/id_L_SMT_HST_S02/L_SMT_HST/L_SMT_HST/ASSET_PROD/asset_L_SMT_HST_PROD/t_id_Panasonic_NPM_W2_PP04,2,ACTIVE
SMT02_E013,SMT02,SMT_OP06,Panasonic_NPM_W2_PP05,ROBOT,/World/ProdLine/a_L_SMT_HST_Assy/t_id_L_SMT_HST_S02/id_L_SMT_HST_S02/L_SMT_HST/L_SMT_HST/ASSET_PROD/asset_L_SMT_HST_PROD/t_id_Panasonic_NPM_W2_PP05,1,ACTIVE
SMT02_E014,SMT02,SMT_OP06,Panasonic_NPM_W2_PP06,ROBOT,/World/ProdLine/a_L_SMT_HST_Assy/t_id_L_SMT_HST_S02/id_L_SMT_HST_S02/L_SMT_HST/L_SMT_HST/ASSET_PROD/asset_L_SMT_HST_PROD/t_id_Panasonic_NPM_W2_PP06,2,ACTIVE
SMT02_E015,SMT02,SMT_OP06,Panasonic_NPM_W2_PP07,ROBOT,/World/ProdLine/a_L_SMT_HST_Assy/t_id_L_SMT_HST_S02/id_L_SMT_HST_S02/L_SMT_HST/L_SMT_HST/ASSET_PROD/asset_L_SMT_HST_PROD/t_id_Panasonic_NPM_W2_PP07,3,ACTIVE
SMT02_E016,SMT02,SMT_OP07,Panasonic_NPM_W2_PP08,ROBOT,/World/ProdLine/a_L_SMT_HST_Assy/t_id_L_SMT_HST_S02/id_L_SMT_HST_S02/L_SMT_HST/L_SMT_HST/ASSET_PROD/asset_L_SMT_HST_PROD/t_id_Panasonic_NPM_W2_PP08,1,ACTIVE
SMT02_E017,SMT02,SMT_OP07,Panasonic_NPM_W2_PP09,ROBOT,/World/ProdLine/a_L_SMT_HST_Assy/t_id_L_SMT_HST_S02/id_L_SMT_HST_S02/L_SMT_HST/L_SMT_HST/ASSET_PROD/asset_L_SMT_HST_PROD/t_id_Panasonic_NPM_W2_PP09,2,ACTIVE
SMT02_E018,SMT02,SMT_OP08,Panasonic_NPM_W2_PP10,OTHER,/World/ProdLine/a_L_SMT_HST_Assy/t_id_L_SMT_HST_S02/id_L_SMT_HST_S02/L_SMT_HST/L_SMT_HST/ASSET_PROD/asset_L_SMT_HST_PROD/t_id_Panasonic_NPM_W2_PP10,1,ACTIVE
SMT02_E019,SMT02,SMT_OP08,Panasonic_NPM_W2_PP11,OTHER,/World/ProdLine/a_L_SMT_HST_Assy/t_id_L_SMT_HST_S02/id_L_SMT_HST_S02/L_SMT_HST/L_SMT_HST/ASSET_PROD/asset_L_SMT_HST_PROD/t_id_Panasonic_NPM_W2_PP11,2,ACTIVE
SMT02_E020,SMT02,SMT_OP09,Panasonic_NPM_W2_PP12,OTHER,/World/ProdLine/a_L_SMT_HST_Assy/t_id_L_SMT_HST_S02/id_L_SMT_HST_S02/L_SMT_HST/L_SMT_HST/ASSET_PROD/asset_L_SMT_HST_PROD/t_id_Panasonic_NPM_W2_PP12,1,ACTIVE
SMT02_E021,SMT02,SMT_OP09,SGC_160B_CONV06,CONVEYOR,/World/ProdLine/a_L_SMT_HST_Assy/t_id_L_SMT_HST_S02/id_L_SMT_HST_S02/L_SMT_HST/L_SMT_HST/ASSET_PROD/asset_L_SMT_HST_PROD/t_id_SGC_160B_CONV06,2,ACTIVE
SMT02_E022,SMT02,SMT_OP09,TR7700L_SIII_AOI01,AOI,/World/ProdLine/a_L_SMT_HST_Assy/t_id_L_SMT_HST_S02/id_L_SMT_HST_S02/L_SMT_HST/L_SMT_HST/ASSET_PROD/asset_L_SMT_HST_PROD/t_id_TR7700L_SIII_AOI01,3,ACTIVE
SMT02_E023,SMT02,SMT_OP10,SWT_200A_CONV07,CONVEYOR,/World/ProdLine/a_L_SMT_HST_Assy/t_id_L_SMT_HST_S02/id_L_SMT_HST_S02/L_SMT_HST/L_SMT_HST/ASSET_PROD/asset_L_SMT_HST_PROD/t_id_SWT_200A_CONV07,1,ACTIVE
SMT02_E024,SMT02,SMT_OP10,CAC_670_PR01,OTHER,/World/ProdLine/a_L_SMT_HST_Assy/t_id_L_SMT_HST_S02/id_L_SMT_HST_S02/L_SMT_HST/L_SMT_HST/ASSET_PROD/asset_L_SMT_HST_PROD/t_id_CAC_670_PR01,2,ACTIVE
SMT02_E025,SMT02,SMT_OP11,HOTFLOW_3_26_XL_RF01,OTHER,/World/ProdLine/a_L_SMT_HST_Assy/t_id_L_SMT_HST_S02/id_L_SMT_HST_S02/L_SMT_HST/L_SMT_HST/ASSET_PROD/asset_L_SMT_HST_PROD/t_id_HOTFLOW_3_26_XL_RF01,1,ACTIVE
SMT02_E026,SMT02,SMT_OP11,SBL_820A_CONV08,CONVEYOR,/World/ProdLine/a_L_SMT_HST_Assy/t_id_L_SMT_HST_S02/id_L_SMT_HST_S02/L_SMT_HST/L_SMT_HST/ASSET_PROD/asset_L_SMT_HST_PROD/t_id_SBL_820A_CONV08,2,ACTIVE
SMT02_E027,SMT02,SMT_OP12,SBC_200A_CONV09,CONVEYOR,/World/ProdLine/a_L_SMT_HST_Assy/t_id_L_SMT_HST_S02/id_L_SMT_HST_S02/L_SMT_HST/L_SMT_HST/ASSET_PROD/asset_L_SMT_HST_PROD/t_id_SBC_200A_CONV09,1,ACTIVE
SMT02_E028,SMT02,SMT_OP12,TR7500L_SIII_AOI02,AOI,/World/ProdLine/a_L_SMT_HST_Assy/t_id_L_SMT_HST_S02/id_L_SMT_HST_S02/L_SMT_HST/L_SMT_HST/ASSET_PROD/asset_L_SMT_HST_PROD/t_id_TR7500L_SIII_AOI02,2,ACTIVE
SMT02_E029,SMT02,SMT_OP12,SWT_200A_CONV010,CONVEYOR,/World/ProdLine/a_L_SMT_HST_Assy/t_id_L_SMT_HST_S02/id_L_SMT_HST_S02/L_SMT_HST/L_SMT_HST/ASSET_PROD/asset_L_SMT_HST_PROD/t_id_SWT_200A_CONV010,3,ACTIVE
SMT02_E030,SMT02,SMT_OP13,SBL_820A_CONV011,CONVEYOR,/World/ProdLine/a_L_SMT_HST_Assy/t_id_L_SMT_HST_S02/id_L_SMT_HST_S02/L_SMT_HST/L_SMT_HST/ASSET_PROD/asset_L_SMT_HST_PROD/t_id_SBL_820A_CONV011,1,ACTIVE
SMT02_E031,SMT02,SMT_OP13,SIV_200_CONV012,CONVEYOR,/World/ProdLine/a_L_SMT_HST_Assy/t_id_L_SMT_HST_S02/id_L_SMT_HST_S02/L_SMT_HST/L_SMT_HST/ASSET_PROD/asset_L_SMT_HST_PROD/t_id_SIV_200_CONV012,2,ACTIVE
SMT02_E032,SMT02,SMT_OP14,SBL_820A_CONV013,CONVEYOR,/World/ProdLine/a_L_SMT_HST_Assy/t_id_L_SMT_HST_S02/id_L_SMT_HST_S02/L_SMT_HST/L_SMT_HST/ASSET_PROD/asset_L_SMT_HST_PROD/t_id_SBL_820A_CONV013,1,ACTIVE
SMT02_E033,SMT02,SMT_OP14,SBC_200A_CONV014,CONVEYOR,/World/ProdLine/a_L_SMT_HST_Assy/t_id_L_SMT_HST_S02/id_L_SMT_HST_S02/L_SMT_HST/L_SMT_HST/ASSET_PROD/asset_L_SMT_HST_PROD/t_id_SBC_200A_CONV014,2,ACTIVE
SMT02_E034,SMT02,SMT_OP14,NeoHorizon_03ix_SP02,OTHER,/World/ProdLine/a_L_SMT_HST_Assy/t_id_L_SMT_HST_S02/id_L_SMT_HST_S02/L_SMT_HST/L_SMT_HST/ASSET_PROD/asset_L_SMT_HST_PROD/t_id_NeoHorizon_03ix_SP02,3,ACTIVE
SMT02_E035,SMT02,SMT_OP15,SBC_200A_CONV015,CONVEYOR,/World/ProdLine/a_L_SMT_HST_Assy/t_id_L_SMT_HST_S02/id_L_SMT_HST_S02/L_SMT_HST/L_SMT_HST/ASSET_PROD/asset_L_SMT_HST_PROD/t_id_SBC_200A_CONV015,1,ACTIVE
SMT02_E036,SMT02,SMT_OP15,TR7007L_SII_Plus_SPI02,AOI,/World/ProdLine/a_L_SMT_HST_Assy/t_id_L_SMT_HST_S02/id_L_SMT_HST_S02/L_SMT_HST/L_SMT_HST/ASSET_PROD/asset_L_SMT_HST_PROD/t_id_TR7007L_SII_Plus_SPI02,2,ACTIVE
SMT02_E037,SMT02,SMT_OP16,SWT_200A_CONV016,CONVEYOR,/World/ProdLine/a_L_SMT_HST_Assy/t_id_L_SMT_HST_S02/id_L_SMT_HST_S02/L_SMT_HST/L_SMT_HST/ASSET_PROD/asset_L_SMT_HST_PROD/t_id_SWT_200A_CONV016,1,ACTIVE
SMT02_E038,SMT02,SMT_OP16,Panasonic_NPM_W2_PP13,OTHER,/World/ProdLine/a_L_SMT_HST_Assy/t_id_L_SMT_HST_S02/id_L_SMT_HST_S02/L_SMT_HST/L_SMT_HST/ASSET_PROD/asset_L_SMT_HST_PROD/t_id_Panasonic_NPM_W2_PP13,2,ACTIVE
SMT02_E039,SMT02,SMT_OP17,Panasonic_NPM_W2_PP14,OTHER,/World/ProdLine/a_L_SMT_HST_Assy/t_id_L_SMT_HST_S02/id_L_SMT_HST_S02/L_SMT_HST/L_SMT_HST/ASSET_PROD/asset_L_SMT_HST_PROD/t_id_Panasonic_NPM_W2_PP14,1,ACTIVE
SMT02_E040,SMT02,SMT_OP17,Panasonic_NPM_W2_PP15,OTHER,/World/ProdLine/a_L_SMT_HST_Assy/t_id_L_SMT_HST_S02/id_L_SMT_HST_S02/L_SMT_HST/L_SMT_HST/ASSET_PROD/asset_L_SMT_HST_PROD/t_id_Panasonic_NPM_W2_PP15,2,ACTIVE
SMT02_E041,SMT02,SMT_OP17,Panasonic_NPM_W2_PP16,OTHER,/World/ProdLine/a_L_SMT_HST_Assy/t_id_L_SMT_HST_S02/id_L_SMT_HST_S02/L_SMT_HST/L_SMT_HST/ASSET_PROD/asset_L_SMT_HST_PROD/t_id_Panasonic_NPM_W2_PP16,3,ACTIVE
SMT02_E042,SMT02,SMT_OP18,Panasonic_NPM_W2_PP17,OTHER,/World/ProdLine/a_L_SMT_HST_Assy/t_id_L_SMT_HST_S02/id_L_SMT_HST_S02/L_SMT_HST/L_SMT_HST/ASSET_PROD/asset_L_SMT_HST_PROD/t_id_Panasonic_NPM_W2_PP17,1,ACTIVE
SMT02_E043,SMT02,SMT_OP18,Panasonic_NPM_W2_PP18,OTHER,/World/ProdLine/a_L_SMT_HST_Assy/t_id_L_SMT_HST_S02/id_L_SMT_HST_S02/L_SMT_HST/L_SMT_HST/ASSET_PROD/asset_L_SMT_HST_PROD/t_id_Panasonic_NPM_W2_PP18,2,ACTIVE
SMT02_E044,SMT02,SMT_OP19,Panasonic_NPM_W2_PP19,OTHER,/World/ProdLine/a_L_SMT_HST_Assy/t_id_L_SMT_HST_S02/id_L_SMT_HST_S02/L_SMT_HST/L_SMT_HST/ASSET_PROD/asset_L_SMT_HST_PROD/t_id_Panasonic_NPM_W2_PP19,1,ACTIVE
SMT02_E045,SMT02,SMT_OP19,Panasonic_NPM_W2_PP20,OTHER,/World/ProdLine/a_L_SMT_HST_Assy/t_id_L_SMT_HST_S02/id_L_SMT_HST_S02/L_SMT_HST/L_SMT_HST/ASSET_PROD/asset_L_SMT_HST_PROD/t_id_Panasonic_NPM_W2_PP20,2,ACTIVE
SMT02_E046,SMT02,SMT_OP20,SGC_160B_CONV017,CONVEYOR,/World/ProdLine/a_L_SMT_HST_Assy/t_id_L_SMT_HST_S02/id_L_SMT_HST_S02/L_SMT_HST/L_SMT_HST/ASSET_PROD/asset_L_SMT_HST_PROD/t_id_SGC_160B_CONV017,1,ACTIVE
SMT02_E047,SMT02,SMT_OP20,TR7700L_QE_AOI03,AOI,/World/ProdLine/a_L_SMT_HST_Assy/t_id_L_SMT_HST_S02/id_L_SMT_HST_S02/L_SMT_HST/L_SMT_HST/ASSET_PROD/asset_L_SMT_HST_PROD/t_id_TR7700L_QE_AOI03,2,ACTIVE
SMT02_E048,SMT02,SMT_OP20,SWT_200A_CONV018,CONVEYOR,/World/ProdLine/a_L_SMT_HST_Assy/t_id_L_SMT_HST_S02/id_L_SMT_HST_S02/L_SMT_HST/L_SMT_HST/ASSET_PROD/asset_L_SMT_HST_PROD/t_id_SWT_200A_CONV018,3,ACTIVE
SMT02_E049,SMT02,SMT_OP21,CAC_670_PR03,OTHER,/World/ProdLine/a_L_SMT_HST_Assy/t_id_L_SMT_HST_S02/id_L_SMT_HST_S02/L_SMT_HST/L_SMT_HST/ASSET_PROD/asset_L_SMT_HST_PROD/t_id_CAC_670_PR03,1,ACTIVE
SMT02_E050,SMT02,SMT_OP21,HOTFLOW_3_26_XL_RF02,OTHER,/World/ProdLine/a_L_SMT_HST_Assy/t_id_L_SMT_HST_S02/id_L_SMT_HST_S02/L_SMT_HST/L_SMT_HST/ASSET_PROD/asset_L_SMT_HST_PROD/t_id_HOTFLOW_3_26_XL_RF02,2,ACTIVE
SMT02_E051,SMT02,SMT_OP22,SBL_820A_CONV019,CONVEYOR,/World/ProdLine/a_L_SMT_HST_Assy/t_id_L_SMT_HST_S02/id_L_SMT_HST_S02/L_SMT_HST/L_SMT_HST/ASSET_PROD/asset_L_SMT_HST_PROD/t_id_SBL_820A_CONV019,1,ACTIVE
SMT02_E052,SMT02,SMT_OP22,SBC_200A_CONV020,CONVEYOR,/World/ProdLine/a_L_SMT_HST_Assy/t_id_L_SMT_HST_S02/id_L_SMT_HST_S02/L_SMT_HST/L_SMT_HST/ASSET_PROD/asset_L_SMT_HST_PROD/t_id_SBC_200A_CONV020,2,ACTIVE
SMT02_E053,SMT02,SMT_OP23,TR7500L_SIII_AOI04,AOI,/World/ProdLine/a_L_SMT_HST_Assy/t_id_L_SMT_HST_S02/id_L_SMT_HST_S02/L_SMT_HST/L_SMT_HST/ASSET_PROD/asset_L_SMT_HST_PROD/t_id_TR7500L_SIII_AOI04,1,ACTIVE
SMT02_E054,SMT02,SMT_OP23,SWT_200A_CONV021,CONVEYOR,/World/ProdLine/a_L_SMT_HST_Assy/t_id_L_SMT_HST_S02/id_L_SMT_HST_S02/L_SMT_HST/L_SMT_HST/ASSET_PROD/asset_L_SMT_HST_PROD/t_id_SWT_200A_CONV021,2,ACTIVE
SMT02_E055,SMT02,SMT_OP23,SIV_200_CONV022,CONVEYOR,/World/ProdLine/a_L_SMT_HST_Assy/t_id_L_SMT_HST_S02/id_L_SMT_HST_S02/L_SMT_HST/L_SMT_HST/ASSET_PROD/asset_L_SMT_HST_PROD/t_id_SIV_200_CONV022,3,ACTIVE
SMT02_E056,SMT02,SMT_OP24,SBC_200A_CONV023,CONVEYOR,/World/ProdLine/a_L_SMT_HST_Assy/t_id_L_SMT_HST_S02/id_L_SMT_HST_S02/L_SMT_HST/L_SMT_HST/ASSET_PROD/asset_L_SMT_HST_PROD/t_id_SBC_200A_CONV023,1,ACTIVE
SMT02_E057,SMT02,SMT_OP24,AUI_4000L_D_ROUT01,OTHER,/World/ProdLine/a_L_SMT_HST_Assy/t_id_L_SMT_HST_S02/id_L_SMT_HST_S02/L_SMT_HST/L_SMT_HST/ASSET_PROD/asset_L_SMT_HST_PROD/t_id_AUI_4000L_D_ROUT01,2,ACTIVE
SMT02_E058,SMT02,SMT_OP25,YSF_VEX6_YSF_VEX7_VX01,OTHER,/World/ProdLine/a_L_SMT_HST_Assy/t_id_L_SMT_HST_S02/id_L_SMT_HST_S02/L_SMT_HST/L_SMT_HST/ASSET_PROD/asset_L_SMT_HST_PROD/t_id_YSF_VEX6_YSF_VEX7_VX01,1,ACTIVE
SMT02_E059,SMT02,SMT_OP25,V810i_S2_XLT_BX02,OTHER,/World/ProdLine/a_L_SMT_Bianca_Xray/t_id_L_SMT_Bianca_Xray_Bianca_Xray/id_L_SMT_Bianca_Xray_Bianca_Xray/L_SMT_Bianca_Xray/L_SMT_Bianca_Xray/ASSET_PROD/asset_L_SMT_Bianca_Xray_PROD/t_id_V810i_S2_XLT_BX02,2,ACTIVE
PTH01_E001,PTH01,PTH_OP01,CT_HOP9SLJ_LD01,ROBOT,/World/ProdLine/a_L_HST_PTH__B/t_id_L_HST_PTH_P1_B_PTH01/id_L_HST_PTH_P1_B_PTH01/L_HST_PTH_P1_B/L_HST_PTH_P1_B/ASSET_PROD/asset_L_HST_PTH_P1_B_PROD/t_id_CT_HOP9SLJ_LD01,1,ACTIVE
PTH01_E002,PTH01,PTH_OP01,TR8100L_SII_INLINE_MDA01,OTHER,/World/ProdLine/a_L_HST_PTH__B/t_id_L_HST_PTH_P1_B_PTH01/id_L_HST_PTH_P1_B_PTH01/L_HST_PTH_P1_B/L_HST_PTH_P1_B/ASSET_PROD/asset_L_HST_PTH_P1_B_PROD/t_id_TR8100L_SII_INLINE_MDA01,2,ACTIVE
PTH01_E003,PTH01,PTH_OP01,TR8100L_SII_INLINE_MDA02,OTHER,/World/ProdLine/a_L_HST_PTH__B/t_id_L_HST_PTH_P1_B_PTH01/id_L_HST_PTH_P1_B_PTH01/L_HST_PTH_P1_B/L_HST_PTH_P1_B/ASSET_PROD/asset_L_HST_PTH_P1_B_PROD/t_id_TR8100L_SII_INLINE_MDA02,3,ACTIVE
PTH01_E004,PTH01,PTH_OP01,CT_HOP9LSSJ_S_CV01,OTHER,/World/ProdLine/a_L_HST_PTH__B/t_id_L_HST_PTH_P1_B_PTH01/id_L_HST_PTH_P1_B_PTH01/L_HST_PTH_P1_B/L_HST_PTH_P1_B/ASSET_PROD/asset_L_HST_PTH_P1_B_PROD/t_id_CT_HOP9LSSJ_S_CV01,4,ACTIVE
PTH01_E005,PTH01,PTH_OP01,CT_HOP9ZJJ_CN01,OTHER,/World/ProdLine/a_L_HST_PTH__B/t_id_L_HST_PTH_P1_B_PTH01/id_L_HST_PTH_P1_B_PTH01/L_HST_PTH_P1_B/L_HST_PTH_P1_B/ASSET_PROD/asset_L_HST_PTH_P1_B_PROD/t_id_CT_HOP9ZJJ_CN01,5,ACTIVE
PTH01_E006,PTH01,PTH_OP01,CT_HOP9LSSJ_D_CV02,OTHER,/World/ProdLine/a_L_HST_PTH__B/t_id_L_HST_PTH_P1_B_PTH01/id_L_HST_PTH_P1_B_PTH01/L_HST_PTH_P1_B/L_HST_PTH_P1_B/ASSET_PROD/asset_L_HST_PTH_P1_B_PROD/t_id_CT_HOP9LSSJ_D_CV02,6,ACTIVE
PTH01_E007,PTH01,PTH_OP01,CT_HOP9LSSJ_D_h_CV03,OTHER,/World/ProdLine/a_L_HST_PTH__B/t_id_L_HST_PTH_P1_B_PTH01/id_L_HST_PTH_P1_B_PTH01/L_HST_PTH_P1_B/L_HST_PTH_P1_B/ASSET_PROD/asset_L_HST_PTH_P1_B_PROD/t_id_CT_HOP9LSSJ_D_h_CV03,7,ACTIVE
PTH01_E008,PTH01,PTH_OP02,CT_HOP9ZJJ_CN02,OTHER,/World/ProdLine/a_L_HST_PTH__B/t_id_L_HST_PTH_P1_B_PTH01/id_L_HST_PTH_P1_B_PTH01/L_HST_PTH_P1_B/L_HST_PTH_P1_B/ASSET_PROD/asset_L_HST_PTH_P1_B_PROD/t_id_CT_HOP9ZJJ_CN02,1,ACTIVE
PTH01_E009,PTH01,PTH_OP02,CT_HOP9LSSJ_S_CV04,OTHER,/World/ProdLine/a_L_HST_PTH__B/t_id_L_HST_PTH_P1_B_PTH01/id_L_HST_PTH_P1_B_PTH01/L_HST_PTH_P1_B/L_HST_PTH_P1_B/ASSET_PROD/asset_L_HST_PTH_P1_B_PROD/t_id_CT_HOP9LSSJ_S_CV04,2,ACTIVE
PTH01_E010,PTH01,PTH_OP02,CT_HOP9ZZJJ_PCB01,OTHER,/World/ProdLine/a_L_HST_PTH__B/t_id_L_HST_PTH_P1_B_PTH01/id_L_HST_PTH_P1_B_PTH01/L_HST_PTH_P1_B/L_HST_PTH_P1_B/ASSET_PROD/asset_L_HST_PTH_P1_B_PROD/t_id_CT_HOP9ZZJJ_PCB01,3,ACTIVE
PTH01_E011,PTH01,PTH_OP02,CT_HOP9SLJ_LD02,ROBOT,/World/ProdLine/a_L_HST_PTH__B/t_id_L_HST_PTH_P1_B_PTH01/id_L_HST_PTH_P1_B_PTH01/L_HST_PTH_P1_B/L_HST_PTH_P1_B/ASSET_PROD/asset_L_HST_PTH_P1_B_PROD/t_id_CT_HOP9SLJ_LD02,4,ACTIVE
PTH01_E012,PTH01,PTH_OP02,CT_HOP9SLJ_LD03,ROBOT,/World/ProdLine/a_L_HST_PTH__B/t_id_L_HST_PTH_P1_B_PTH01/id_L_HST_PTH_P1_B_PTH01/L_HST_PTH_P1_B/L_HST_PTH_P1_B/ASSET_PROD/asset_L_HST_PTH_P1_B_PROD/t_id_CT_HOP9SLJ_LD03,5,ACTIVE
PTH01_E013,PTH01,PTH_OP02,CT_HOP9LSSJ_S_CV05,OTHER,/World/ProdLine/a_L_HST_PTH__B/t_id_L_HST_PTH_P1_B_PTH01/id_L_HST_PTH_P1_B_PTH01/L_HST_PTH_P1_B/L_HST_PTH_P1_B/ASSET_PROD/asset_L_HST_PTH_P1_B_PROD/t_id_CT_HOP9LSSJ_S_CV05,6,ACTIVE
PTH01_E014,PTH01,PTH_OP03,CT_HOP9LSSJ_S_CV06,OTHER,/World/ProdLine/a_L_HST_PTH__B/t_id_L_HST_PTH_P1_B_PTH01/id_L_HST_PTH_P1_B_PTH01/L_HST_PTH_P1_B/L_HST_PTH_P1_B/ASSET_PROD/asset_L_HST_PTH_P1_B_PROD/t_id_CT_HOP9LSSJ_S_CV06,1,ACTIVE
PTH01_E015,PTH01,PTH_OP03,CT_HOP9ZZJ_CV07,OTHER,/World/ProdLine/a_L_HST_PTH__B/t_id_L_HST_PTH_P1_B_PTH01/id_L_HST_PTH_P1_B_PTH01/L_HST_PTH_P1_B/L_HST_PTH_P1_B/ASSET_PROD/asset_L_HST_PTH_P1_B_PROD/t_id_CT_HOP9ZZJ_CV07,2,ACTIVE
PTH01_E016,PTH01,PTH_OP03,CT_HOP9LSSJ_M_CV08,OTHER,/World/ProdLine/a_L_HST_PTH__B/t_id_L_HST_PTH_P1_B_PTH01/id_L_HST_PTH_P1_B_PTH01/L_HST_PTH_P1_B/L_HST_PTH_P1_B/ASSET_PROD/asset_L_HST_PTH_P1_B_PROD/t_id_CT_HOP9LSSJ_M_CV08,3,ACTIVE
PTH01_E017,PTH01,PTH_OP03,CT_HOP9LSSJ_D_h_CV09,OTHER,/World/ProdLine/a_L_HST_PTH__B/t_id_L_HST_PTH_P1_B_PTH01/id_L_HST_PTH_P1_B_PTH01/L_HST_PTH_P1_B/L_HST_PTH_P1_B/ASSET_PROD/asset_L_HST_PTH_P1_B_PROD/t_id_CT_HOP9LSSJ_D_h_CV09,4,ACTIVE
PTH01_E018,PTH01,PTH_OP03,CT_HOP9ZJJ_CV10,OTHER,/World/ProdLine/a_L_HST_PTH__B/t_id_L_HST_PTH_P1_B_PTH01/id_L_HST_PTH_P1_B_PTH01/L_HST_PTH_P1_B/L_HST_PTH_P1_B/ASSET_PROD/asset_L_HST_PTH_P1_B_PROD/t_id_CT_HOP9ZJJ_CV10,5,ACTIVE
PTH01_E019,PTH01,PTH_OP03,CT_HOP9LSSJ_D_CV11,OTHER,/World/ProdLine/a_L_HST_PTH__B/t_id_L_HST_PTH_P1_B_PTH01/id_L_HST_PTH_P1_B_PTH01/L_HST_PTH_P1_B/L_HST_PTH_P1_B/ASSET_PROD/asset_L_HST_PTH_P1_B_PROD/t_id_CT_HOP9LSSJ_D_CV11,6,ACTIVE
PTH01_E020,PTH01,PTH_OP04,CT_HOP9LSSJ_D_CV12,OTHER,/World/ProdLine/a_L_HST_PTH__B/t_id_L_HST_PTH_P1_B_PTH01/id_L_HST_PTH_P1_B_PTH01/L_HST_PTH_P1_B/L_HST_PTH_P1_B/ASSET_PROD/asset_L_HST_PTH_P1_B_PROD/t_id_CT_HOP9LSSJ_D_CV12,1,ACTIVE
PTH01_E021,PTH01,PTH_OP04,CT_HOP9LSSJ_D_CV13,OTHER,/World/ProdLine/a_L_HST_PTH__B/t_id_L_HST_PTH_P1_B_PTH01/id_L_HST_PTH_P1_B_PTH01/L_HST_PTH_P1_B/L_HST_PTH_P1_B/ASSET_PROD/asset_L_HST_PTH_P1_B_PROD/t_id_CT_HOP9LSSJ_D_CV13,2,ACTIVE
PTH01_E022,PTH01,PTH_OP04,CT_HOP9LSSJ_D_CV14,OTHER,/World/ProdLine/a_L_HST_PTH__B/t_id_L_HST_PTH_P1_B_PTH01/id_L_HST_PTH_P1_B_PTH01/L_HST_PTH_P1_B/L_HST_PTH_P1_B/ASSET_PROD/asset_L_HST_PTH_P1_B_PROD/t_id_CT_HOP9LSSJ_D_CV14,3,ACTIVE
PTH01_E023,PTH01,PTH_OP04,CT_HOP9SSG_CV16,OTHER,/World/ProdLine/a_L_HST_PTH__B/t_id_L_HST_PTH_P1_B_PTH01/id_L_HST_PTH_P1_B_PTH01/L_HST_PTH_P1_B/L_HST_PTH_P1_B/ASSET_PROD/asset_L_HST_PTH_P1_B_PROD/t_id_CT_HOP9SSG_CV16,4,ACTIVE
PTH01_E024,PTH01,PTH_OP04,CT_HOP9SSG_CV17,OTHER,/World/ProdLine/a_L_HST_PTH__B/t_id_L_HST_PTH_P1_B_PTH01/id_L_HST_PTH_P1_B_PTH01/L_HST_PTH_P1_B/L_HST_PTH_P1_B/ASSET_PROD/asset_L_HST_PTH_P1_B_PROD/t_id_CT_HOP9SSG_CV17,5,ACTIVE
PTH01_E025,PTH01,PTH_OP04,CT_HOP9YZJ_CV18,OTHER,/World/ProdLine/a_L_HST_PTH__B/t_id_L_HST_PTH_P1_B_PTH01/id_L_HST_PTH_P1_B_PTH01/L_HST_PTH_P1_B/L_HST_PTH_P1_B/ASSET_PROD/asset_L_HST_PTH_P1_B_PROD/t_id_CT_HOP9YZJ_CV18,6,ACTIVE
PTH01_E026,PTH01,PTH_OP05,CT_HOP9LSSJ_S_CV19,OTHER,/World/ProdLine/a_L_HST_PTH__B/t_id_L_HST_PTH_P1_B_PTH01/id_L_HST_PTH_P1_B_PTH01/L_HST_PTH_P1_B/L_HST_PTH_P1_B/ASSET_PROD/asset_L_HST_PTH_P1_B_PROD/t_id_CT_HOP9LSSJ_S_CV19,1,ACTIVE
PTH01_E027,PTH01,PTH_OP05,8300_32SLC_CB01,OTHER,/World/ProdLine/a_L_HST_PTH__B/t_id_L_HST_PTH_P1_B_PTH01/id_L_HST_PTH_P1_B_PTH01/L_HST_PTH_P1_B/L_HST_PTH_P1_B/ASSET_PROD/asset_L_HST_PTH_P1_B_PROD/t_id_8300_32SLC_CB01,2,ACTIVE
PTH01_E028,PTH01,PTH_OP05,LCD_VI_45L_AOI01,AOI,/World/ProdLine/a_L_HST_PTH__B/t_id_L_HST_PTH_P1_B_PTH01/id_L_HST_PTH_P1_B_PTH01/L_HST_PTH_P1_B/L_HST_PTH_P1_B/ASSET_PROD/asset_L_HST_PTH_P1_B_PROD/t_id_LCD_VI_45L_AOI01,3,ACTIVE
PTH01_E029,PTH01,PTH_OP05,CT_HOP9ZJJ_CN03,OTHER,/World/ProdLine/a_L_HST_PTH__B/t_id_L_HST_PTH_P1_B_PTH01/id_L_HST_PTH_P1_B_PTH01/L_HST_PTH_P1_B/L_HST_PTH_P1_B/ASSET_PROD/asset_L_HST_PTH_P1_B_PROD/t_id_CT_HOP9ZJJ_CN03,4,ACTIVE
PTH01_E030,PTH01,PTH_OP05,CT_HOP9LSSJ_S_CV20,OTHER,/World/ProdLine/a_L_HST_PTH__B/t_id_L_HST_PTH_P1_B_PTH01/id_L_HST_PTH_P1_B_PTH01/L_HST_PTH_P1_B/L_HST_PTH_P1_B/ASSET_PROD/asset_L_HST_PTH_P1_B_PROD/t_id_CT_HOP9LSSJ_S_CV20,5,ACTIVE
PTH01_E031,PTH01,PTH_OP05,YWD_550_OV01,OTHER,/World/ProdLine/a_L_HST_PTH__B/t_id_L_HST_PTH_P1_B_PTH01/id_L_HST_PTH_P1_B_PTH01/L_HST_PTH_P1_B/L_HST_PTH_P1_B/ASSET_PROD/asset_L_HST_PTH_P1_B_PROD/t_id_YWD_550_OV01,6,ACTIVE
PTH01_E032,PTH01,PTH_OP06,CT_HOP9LSSJ_S_CV21,OTHER,/World/ProdLine/a_L_HST_PTH__B/t_id_L_HST_PTH_P1_B_PTH01/id_L_HST_PTH_P1_B_PTH01/L_HST_PTH_P1_B/L_HST_PTH_P1_B/ASSET_PROD/asset_L_HST_PTH_P1_B_PROD/t_id_CT_HOP9LSSJ_S_CV21,1,ACTIVE
PTH01_E033,PTH01,PTH_OP06,CT_HOP9ZJJ_CV22,OTHER,/World/ProdLine/a_L_HST_PTH__B/t_id_L_HST_PTH_P1_B_PTH01/id_L_HST_PTH_P1_B_PTH01/L_HST_PTH_P1_B/L_HST_PTH_P1_B/ASSET_PROD/asset_L_HST_PTH_P1_B_PROD/t_id_CT_HOP9ZJJ_CV22,2,ACTIVE
PTH01_E034,PTH01,PTH_OP06,CT_HOP9LSSJ_D_CV23,OTHER,/World/ProdLine/a_L_HST_PTH__B/t_id_L_HST_PTH_P1_B_PTH01/id_L_HST_PTH_P1_B_PTH01/L_HST_PTH_P1_B/L_HST_PTH_P1_B/ASSET_PROD/asset_L_HST_PTH_P1_B_PROD/t_id_CT_HOP9LSSJ_D_CV23,3,ACTIVE
PTH01_E035,PTH01,PTH_OP06,CT_HOP9LSSJ_S_CV24,OTHER,/World/ProdLine/a_L_HST_PTH__B/t_id_L_HST_PTH_P1_B_PTH01/id_L_HST_PTH_P1_B_PTH01/L_HST_PTH_P1_B/L_HST_PTH_P1_B/ASSET_PROD/asset_L_HST_PTH_P1_B_PROD/t_id_CT_HOP9LSSJ_S_CV24,4,ACTIVE
PTH01_E036,PTH01,PTH_OP06,CT_HOP9LSSJ_S_CV25,OTHER,/World/ProdLine/a_L_HST_PTH__B/t_id_L_HST_PTH_P1_B_PTH01/id_L_HST_PTH_P1_B_PTH01/L_HST_PTH_P1_B/L_HST_PTH_P1_B/ASSET_PROD/asset_L_HST_PTH_P1_B_PROD/t_id_CT_HOP9LSSJ_S_CV25,5,ACTIVE
PTH01_E037,PTH01,PTH_OP06,CT_HOP9LSSJ_S_CV26,OTHER,/World/ProdLine/a_L_HST_PTH__B/t_id_L_HST_PTH_P1_B_PTH01/id_L_HST_PTH_P1_B_PTH01/L_HST_PTH_P1_B/L_HST_PTH_P1_B/ASSET_PROD/asset_L_HST_PTH_P1_B_PROD/t_id_CT_HOP9LSSJ_S_CV26,6,ACTIVE
PTH01_E038,PTH01,PTH_OP07,CT_HOP9LSSJ_S_CV27,OTHER,/World/ProdLine/a_L_HST_PTH__B/t_id_L_HST_PTH_P1_B_PTH01/id_L_HST_PTH_P1_B_PTH01/L_HST_PTH_P1_B/L_HST_PTH_P1_B/ASSET_PROD/asset_L_HST_PTH_P1_B_PROD/t_id_CT_HOP9LSSJ_S_CV27,1,ACTIVE
PTH01_E039,PTH01,PTH_OP07,CT_HOP9LSSJ_S_CV28,OTHER,/World/ProdLine/a_L_HST_PTH__B/t_id_L_HST_PTH_P1_B_PTH01/id_L_HST_PTH_P1_B_PTH01/L_HST_PTH_P1_B/L_HST_PTH_P1_B/ASSET_PROD/asset_L_HST_PTH_P1_B_PROD/t_id_CT_HOP9LSSJ_S_CV28,2,ACTIVE
PTH01_E040,PTH01,PTH_OP07,Fuzion_OF1_14_PP01,ROBOT,/World/ProdLine/a_L_HST_PTH__B/t_id_L_HST_PTH_P1_B_PTH01/id_L_HST_PTH_P1_B_PTH01/L_HST_PTH_P1_B/L_HST_PTH_P1_B/ASSET_PROD/asset_L_HST_PTH_P1_B_PROD/t_id_Fuzion_OF1_14_PP01,3,ACTIVE
PTH01_E041,PTH01,PTH_OP07,CT_1055_PF01,OTHER,/World/ProdLine/a_L_HST_PTH__B/t_id_L_HST_PTH_P1_B_PTH01/id_L_HST_PTH_P1_B_PTH01/L_HST_PTH_P1_B/L_HST_PTH_P1_B/ASSET_PROD/asset_L_HST_PTH_P1_B_PROD/t_id_CT_1055_PF01,4,ACTIVE
PTH01_E042,PTH01,PTH_OP07,CT_HOP9ZJJ_CN04,OTHER,/World/ProdLine/a_L_HST_PTH__B/t_id_L_HST_PTH_P1_B_PTH01/id_L_HST_PTH_P1_B_PTH01/L_HST_PTH_P1_B/L_HST_PTH_P1_B/ASSET_PROD/asset_L_HST_PTH_P1_B_PROD/t_id_CT_HOP9ZJJ_CN04,5,ACTIVE
PTH01_E043,PTH01,PTH_OP07,CT_HOP9SLJ_LD04,ROBOT,/World/ProdLine/a_L_HST_PTH__B/t_id_L_HST_PTH_P1_B_PTH01/id_L_HST_PTH_P1_B_PTH01/L_HST_PTH_P1_B/L_HST_PTH_P1_B/ASSET_PROD/asset_L_HST_PTH_P1_B_PROD/t_id_CT_HOP9SLJ_LD04,6,ACTIVE
PTH01_E044,PTH01,PTH_OP08,CT_TWNF10_08_00_TO01,OTHER,/World/ProdLine/a_L_HST_PTH__B/t_id_L_HST_PTH_P1_B_PTH01/id_L_HST_PTH_P1_B_PTH01/L_HST_PTH_P1_B/L_HST_PTH_P1_B/ASSET_PROD/asset_L_HST_PTH_P1_B_PROD/t_id_CT_TWNF10_08_00_TO01,1,ACTIVE
PTH01_E045,PTH01,PTH_OP08,CT_TWNF10_07_A001_SD01,OTHER,/World/ProdLine/a_L_HST_PTH__B/t_id_L_HST_PTH_P1_B_PTH01/id_L_HST_PTH_P1_B_PTH01/L_HST_PTH_P1_B/L_HST_PTH_P1_B/ASSET_PROD/asset_L_HST_PTH_P1_B_PROD/t_id_CT_TWNF10_07_A001_SD01,2,ACTIVE
PTH01_E046,PTH01,PTH_OP08,CT_HOP9_IIZJ_IZ01,OTHER,/World/ProdLine/a_L_HST_PTH__B/t_id_L_HST_PTH_P1_B_PTH01/id_L_HST_PTH_P1_B_PTH01/L_HST_PTH_P1_B/L_HST_PTH_P1_B/ASSET_PROD/asset_L_HST_PTH_P1_B_PROD/t_id_CT_HOP9_IIZJ_IZ01,3,ACTIVE
PTH01_E047,PTH01,PTH_OP08,CT_TWNF10_07_A001_SD02,OTHER,/World/ProdLine/a_L_HST_PTH__B/t_id_L_HST_PTH_P1_B_PTH01/id_L_HST_PTH_P1_B_PTH01/L_HST_PTH_P1_B/L_HST_PTH_P1_B/ASSET_PROD/asset_L_HST_PTH_P1_B_PROD/t_id_CT_TWNF10_07_A001_SD02,4,ACTIVE
PTH01_E048,PTH01,PTH_OP08,CT_TWNF10_08_00_TO02,OTHER,/World/ProdLine/a_L_HST_PTH__B/t_id_L_HST_PTH_P1_B_PTH01/id_L_HST_PTH_P1_B_PTH01/L_HST_PTH_P1_B/L_HST_PTH_P1_B/ASSET_PROD/asset_L_HST_PTH_P1_B_PROD/t_id_CT_TWNF10_08_00_TO02,5,ACTIVE
PTH01_E049,PTH01,PTH_OP08,CT_HOP9ZJJ_CN05,OTHER,/World/ProdLine/a_L_HST_PTH__B/t_id_L_HST_PTH_P1_B_PTH01/id_L_HST_PTH_P1_B_PTH01/L_HST_PTH_P1_B/L_HST_PTH_P1_B/ASSET_PROD/asset_L_HST_PTH_P1_B_PROD/t_id_CT_HOP9ZJJ_CN05,6,ACTIVE
PTH01_E050,PTH01,PTH_OP09,CT_HOP9SLJ_LD05,ROBOT,/World/ProdLine/a_L_HST_PTH__B/t_id_L_HST_PTH_P1_B_PTH01/id_L_HST_PTH_P1_B_PTH01/L_HST_PTH_P1_B/L_HST_PTH_P1_B/ASSET_PROD/asset_L_HST_PTH_P1_B_PROD/t_id_CT_HOP9SLJ_LD05,1,ACTIVE
PTH01_E051,PTH01,PTH_OP09,CT_TWNF10_07_A001_SD03,OTHER,/World/ProdLine/a_L_HST_PTH__B/t_id_L_HST_PTH_P1_B_PTH01/id_L_HST_PTH_P1_B_PTH01/L_HST_PTH_P1_B/L_HST_PTH_P1_B/ASSET_PROD/asset_L_HST_PTH_P1_B_PROD/t_id_CT_TWNF10_07_A001_SD03,2,ACTIVE
PTH01_E052,PTH01,PTH_OP09,CT_PTH_RS_TBL_TB01,OTHER,/World/ProdLine/a_L_HST_PTH__B/t_id_L_HST_PTH_P1_B_PTH01/id_L_HST_PTH_P1_B_PTH01/L_HST_PTH_P1_B/L_HST_PTH_P1_B/ASSET_PROD/asset_L_HST_PTH_P1_B_PROD/t_id_CT_PTH_RS_TBL_TB01,3,ACTIVE
PTH01_E053,PTH01,PTH_OP09,CT_HOP9LSSJ_D_h_CV29,OTHER,/World/ProdLine/a_L_HST_PTH__B/t_id_L_HST_PTH_P1_B_PTH01/id_L_HST_PTH_P1_B_PTH01/L_HST_PTH_P1_B/L_HST_PTH_P1_B/ASSET_PROD/asset_L_HST_PTH_P1_B_PROD/t_id_CT_HOP9LSSJ_D_h_CV29,4,ACTIVE
PTH01_E054,PTH01,PTH_OP09,CT_HOP9ZJJ_CN06,OTHER,/World/ProdLine/a_L_HST_PTH__B/t_id_L_HST_PTH_P1_B_PTH01/id_L_HST_PTH_P1_B_PTH01/L_HST_PTH_P1_B/L_HST_PTH_P1_B/ASSET_PROD/asset_L_HST_PTH_P1_B_PROD/t_id_CT_HOP9ZJJ_CN06,5,ACTIVE
PTH01_E055,PTH01,PTH_OP09,CT_HOP9LSSJ_S_CV30,OTHER,/World/ProdLine/a_L_HST_PTH__B/t_id_L_HST_PTH_P1_B_PTH01/id_L_HST_PTH_P1_B_PTH01/L_HST_PTH_P1_B/L_HST_PTH_P1_B/ASSET_PROD/asset_L_HST_PTH_P1_B_PROD/t_id_CT_HOP9LSSJ_S_CV30,6,ACTIVE
PTH01_E056,PTH01,PTH_OP10,CT_HOP9LSSJ_D_h_CV31,OTHER,/World/ProdLine/a_L_HST_PTH__B/t_id_L_HST_PTH_P1_B_PTH01/id_L_HST_PTH_P1_B_PTH01/L_HST_PTH_P1_B/L_HST_PTH_P1_B/ASSET_PROD/asset_L_HST_PTH_P1_B_PROD/t_id_CT_HOP9LSSJ_D_h_CV31,1,ACTIVE
PTH01_E057,PTH01,PTH_OP10,CT_HOP9ZJJ_CN07,OTHER,/World/ProdLine/a_L_HST_PTH__B/t_id_L_HST_PTH_P1_B_PTH01/id_L_HST_PTH_P1_B_PTH01/L_HST_PTH_P1_B/L_HST_PTH_P1_B/ASSET_PROD/asset_L_HST_PTH_P1_B_PROD/t_id_CT_HOP9ZJJ_CN07,2,ACTIVE
PTH01_E058,PTH01,PTH_OP10,CT_HOP9LSSJ_D_CV32,OTHER,/World/ProdLine/a_L_HST_PTH__B/t_id_L_HST_PTH_P1_B_PTH01/id_L_HST_PTH_P1_B_PTH01/L_HST_PTH_P1_B/L_HST_PTH_P1_B/ASSET_PROD/asset_L_HST_PTH_P1_B_PROD/t_id_CT_HOP9LSSJ_D_CV32,3,ACTIVE
PTH01_E059,PTH01,PTH_OP10,CT_HOP9LSSJ_D_h_CV33,OTHER,/World/ProdLine/a_L_HST_PTH__B/t_id_L_HST_PTH_P1_B_PTH01/id_L_HST_PTH_P1_B_PTH01/L_HST_PTH_P1_B/L_HST_PTH_P1_B/ASSET_PROD/asset_L_HST_PTH_P1_B_PROD/t_id_CT_HOP9LSSJ_D_h_CV33,4,ACTIVE
PTH01_E060,PTH01,PTH_OP10,CT_HOP9ZJJ_CN08,OTHER,/World/ProdLine/a_L_HST_PTH__B/t_id_L_HST_PTH_P1_B_PTH01/id_L_HST_PTH_P1_B_PTH01/L_HST_PTH_P1_B/L_HST_PTH_P1_B/ASSET_PROD/asset_L_HST_PTH_P1_B_PROD/t_id_CT_HOP9ZJJ_CN08,5,ACTIVE
PTH01_E061,PTH01,PTH_OP10,CT_HOP9LSSJ_D_CV34,OTHER,/World/ProdLine/a_L_HST_PTH__B/t_id_L_HST_PTH_P1_B_PTH01/id_L_HST_PTH_P1_B_PTH01/L_HST_PTH_P1_B/L_HST_PTH_P1_B/ASSET_PROD/asset_L_HST_PTH_P1_B_PROD/t_id_CT_HOP9LSSJ_D_CV34,6,ACTIVE
PTH01_E062,PTH01,PTH_OP11,CT_HOP9LSSJ_D_h_CV35,OTHER,/World/ProdLine/a_L_HST_PTH__B/t_id_L_HST_PTH_P1_B_PTH01/id_L_HST_PTH_P1_B_PTH01/L_HST_PTH_P1_B/L_HST_PTH_P1_B/ASSET_PROD/asset_L_HST_PTH_P1_B_PROD/t_id_CT_HOP9LSSJ_D_h_CV35,1,ACTIVE
PTH01_E063,PTH01,PTH_OP11,CT_HOP9ZJJ_CN09,OTHER,/World/ProdLine/a_L_HST_PTH__B/t_id_L_HST_PTH_P1_B_PTH01/id_L_HST_PTH_P1_B_PTH01/L_HST_PTH_P1_B/L_HST_PTH_P1_B/ASSET_PROD/asset_L_HST_PTH_P1_B_PROD/t_id_CT_HOP9ZJJ_CN09,2,ACTIVE
PTH01_E064,PTH01,PTH_OP11,CT_HOP9LSSJ_D_CV36,OTHER,/World/ProdLine/a_L_HST_PTH__B/t_id_L_HST_PTH_P1_B_PTH01/id_L_HST_PTH_P1_B_PTH01/L_HST_PTH_P1_B/L_HST_PTH_P1_B/ASSET_PROD/asset_L_HST_PTH_P1_B_PROD/t_id_CT_HOP9LSSJ_D_CV36,3,ACTIVE
PTH01_E065,PTH01,PTH_OP11,CT_HOP9LSSJ_D_CV37,OTHER,/World/ProdLine/a_L_HST_PTH__B/t_id_L_HST_PTH_P1_B_PTH01/id_L_HST_PTH_P1_B_PTH01/L_HST_PTH_P1_B/L_HST_PTH_P1_B/ASSET_PROD/asset_L_HST_PTH_P1_B_PROD/t_id_CT_HOP9LSSJ_D_CV37,4,ACTIVE
PTH01_E066,PTH01,PTH_OP11,r_S330IN_LINE_SL_XL_RT01,OTHER,/World/ProdLine/a_L_HST_PTH__B/t_id_L_HST_PTH_P1_B_PTH01/id_L_HST_PTH_P1_B_PTH01/L_HST_PTH_P1_B/L_HST_PTH_P1_B/ASSET_PROD/asset_L_HST_PTH_P1_B_PROD/t_id_r_S330IN_LINE_SL_XL_RT01,5,ACTIVE
PTH01_E067,PTH01,PTH_OP11,CT_PTH_RS_TBL_TB02,OTHER,/World/ProdLine/a_L_HST_PTH__B/t_id_L_HST_PTH_P1_B_PTH01/id_L_HST_PTH_P1_B_PTH01/L_HST_PTH_P1_B/L_HST_PTH_P1_B/ASSET_PROD/asset_L_HST_PTH_P1_B_PROD/t_id_CT_PTH_RS_TBL_TB02,6,ACTIVE
PTH01_E068,PTH01,PTH_OP12,CT_HOP9SLJ_LD06,ROBOT,/World/ProdLine/a_L_HST_PTH__B/t_id_L_HST_PTH_P1_B_PTH01/id_L_HST_PTH_P1_B_PTH01/L_HST_PTH_P1_B/L_HST_PTH_P1_B/ASSET_PROD/asset_L_HST_PTH_P1_B_PROD/t_id_CT_HOP9SLJ_LD06,1,ACTIVE
PTH01_E069,PTH01,PTH_OP12,TR7600F3D_SII_AXI01,OTHER,/World/ProdLine/a_L_HST_PTH__B/t_id_L_HST_PTH_P1_B_PTH01/id_L_HST_PTH_P1_B_PTH01/L_HST_PTH_P1_B/L_HST_PTH_P1_B/ASSET_PROD/asset_L_HST_PTH_P1_B_PROD/t_id_TR7600F3D_SII_AXI01,2,ACTIVE
PTH01_E070,PTH01,PTH_OP12,TR7600F3D_SII_AXI02,OTHER,/World/ProdLine/a_L_HST_PTH__B/t_id_L_HST_PTH_P1_B_PTH01/id_L_HST_PTH_P1_B_PTH01/L_HST_PTH_P1_B/L_HST_PTH_P1_B/ASSET_PROD/asset_L_HST_PTH_P1_B_PROD/t_id_TR7600F3D_SII_AXI02,3,ACTIVE
PTH01_E071,PTH01,PTH_OP12,CT_HOP9LSSJ_S_CV38,OTHER,/World/ProdLine/a_L_HST_PTH__B/t_id_L_HST_PTH_P1_B_PTH01/id_L_HST_PTH_P1_B_PTH01/L_HST_PTH_P1_B/L_HST_PTH_P1_B/ASSET_PROD/asset_L_HST_PTH_P1_B_PROD/t_id_CT_HOP9LSSJ_S_CV38,4,ACTIVE
PTH01_E072,PTH01,PTH_OP12,CT_HOP9LSSJ_S_CV39,OTHER,/World/ProdLine/a_L_HST_PTH__B/t_id_L_HST_PTH_P1_B_PTH01/id_L_HST_PTH_P1_B_PTH01/L_HST_PTH_P1_B/L_HST_PTH_P1_B/ASSET_PROD/asset_L_HST_PTH_P1_B_PROD/t_id_CT_HOP9LSSJ_S_CV39,5,ACTIVE
PTH01_E073,PTH01,PTH_OP12,CT_HOP9SLJ_LD07,ROBOT,/World/ProdLine/a_L_HST_PTH__B/t_id_L_HST_PTH_P1_B_PTH01/id_L_HST_PTH_P1_B_PTH01/L_HST_PTH_P1_B/L_HST_PTH_P1_B/ASSET_PROD/asset_L_HST_PTH_P1_B_PROD/t_id_CT_HOP9SLJ_LD07,6,ACTIVE
PTH01_E074,PTH01,PTH_OP13,TR8100L_SII_INLINE_ICT01,OTHER,/World/ProdLine/a_L_HST_PTH__B/t_id_L_HST_PTH_P1_B_PTH01/id_L_HST_PTH_P1_B_PTH01/L_HST_PTH_P1_B/L_HST_PTH_P1_B/ASSET_PROD/asset_L_HST_PTH_P1_B_PROD/t_id_TR8100L_SII_INLINE_ICT01,1,ACTIVE
PTH01_E075,PTH01,PTH_OP13,TR8100L_SII_INLINE_ICT02,OTHER,/World/ProdLine/a_L_HST_PTH__B/t_id_L_HST_PTH_P1_B_PTH01/id_L_HST_PTH_P1_B_PTH01/L_HST_PTH_P1_B/L_HST_PTH_P1_B/ASSET_PROD/asset_L_HST_PTH_P1_B_PROD/t_id_TR8100L_SII_INLINE_ICT02,2,ACTIVE
PTH01_E076,PTH01,PTH_OP13,CT_HOP9LSSJ_S_CV40,OTHER,/World/ProdLine/a_L_HST_PTH__B/t_id_L_HST_PTH_P1_B_PTH01/id_L_HST_PTH_P1_B_PTH01/L_HST_PTH_P1_B/L_HST_PTH_P1_B/ASSET_PROD/asset_L_HST_PTH_P1_B_PROD/t_id_CT_HOP9LSSJ_S_CV40,3,ACTIVE
PTH01_E077,PTH01,PTH_OP13,CT_HOP9LSSJ_S_CV41,OTHER,/World/ProdLine/a_L_HST_PTH__B/t_id_L_HST_PTH_P1_B_PTH01/id_L_HST_PTH_P1_B_PTH01/L_HST_PTH_P1_B/L_HST_PTH_P1_B/ASSET_PROD/asset_L_HST_PTH_P1_B_PROD/t_id_CT_HOP9LSSJ_S_CV41,4,ACTIVE
PTH01_E078,PTH01,PTH_OP13,CT_HOP9SLJ_LD08,ROBOT,/World/ProdLine/a_L_HST_PTH__B/t_id_L_HST_PTH_P1_B_PTH01/id_L_HST_PTH_P1_B_PTH01/L_HST_PTH_P1_B/L_HST_PTH_P1_B/ASSET_PROD/asset_L_HST_PTH_P1_B_PROD/t_id_CT_HOP9SLJ_LD08,5,ACTIVE
PTH01_E079,PTH01,PTH_OP13,CT_HOP9ZZJ_CV07_01,OTHER,/World/ProdLine/a_L_HST_PTH__B/t_id_L_HST_PTH_P1_B_PTH01/id_L_HST_PTH_P1_B_PTH01/L_HST_PTH_P1_B/L_HST_PTH_P1_B/ASSET_PROD/asset_L_HST_PTH_P1_B_PROD/t_id_CT_HOP9ZZJ_CV07_01,6,ACTIVE
ModuleAssy01_E001,ModuleAssy01,ModuleAssy_OP01,CT_HOUM548ZPRL_01_ZPRL01,OTHER,/World/ProdLine/a_L_HST_Module/t_id_L_HST_Module_AA01/id_L_HST_Module_AA01/L_HST_Module/L_HST_Module/ASSET_PROD/asset_L_HST_Module_PROD/t_id_CT_HOUM548ZPRL_01_ZPRL01,1,ACTIVE
ModuleAssy01_E002,ModuleAssy01,ModuleAssy_OP01,CT_HOUM548TS1_TS01,OTHER,/World/ProdLine/a_L_HST_Module/t_id_L_HST_Module_AA01/id_L_HST_Module_AA01/L_HST_Module/L_HST_Module/ASSET_PROD/asset_L_HST_Module_PROD/t_id_CT_HOUM548TS1_TS01,2,ACTIVE
ModuleAssy01_E003,ModuleAssy01,ModuleAssy_OP02,CT_HOUM548TPSL_R_BF01,OTHER,/World/ProdLine/a_L_HST_Module/t_id_L_HST_Module_AA01/id_L_HST_Module_AA01/L_HST_Module/L_HST_Module/ASSET_PROD/asset_L_HST_Module_PROD/t_id_CT_HOUM548TPSL_R_BF01,1,ACTIVE
ModuleAssy01_E004,ModuleAssy01,ModuleAssy_OP02,CT_HOUM548DRJ2_DRJ01,OTHER,/World/ProdLine/a_L_HST_Module/t_id_L_HST_Module_AA01/id_L_HST_Module_AA01/L_HST_Module/L_HST_Module/ASSET_PROD/asset_L_HST_Module_PROD/t_id_CT_HOUM548DRJ2_DRJ01,2,ACTIVE
ModuleAssy01_E005,ModuleAssy01,ModuleAssy_OP03,CT_HOUM548DRJ2_DRJ02,OTHER,/World/ProdLine/a_L_HST_Module/t_id_L_HST_Module_AA01/id_L_HST_Module_AA01/L_HST_Module/L_HST_Module/ASSET_PROD/asset_L_HST_Module_PROD/t_id_CT_HOUM548DRJ2_DRJ02,1,ACTIVE
ModuleAssy01_E006,ModuleAssy01,ModuleAssy_OP04,CT_HOUM548DRJ2_DRJ03,OTHER,/World/ProdLine/a_L_HST_Module/t_id_L_HST_Module_AA01/id_L_HST_Module_AA01/L_HST_Module/L_HST_Module/ASSET_PROD/asset_L_HST_Module_PROD/t_id_CT_HOUM548DRJ2_DRJ03,1,ACTIVE
ModuleAssy01_E007,ModuleAssy01,ModuleAssy_OP04,CT_HOUM548DRJ2_DRJ04,OTHER,/World/ProdLine/a_L_HST_Module/t_id_L_HST_Module_AA01/id_L_HST_Module_AA01/L_HST_Module/L_HST_Module/ASSET_PROD/asset_L_HST_Module_PROD/t_id_CT_HOUM548DRJ2_DRJ04,2,ACTIVE
ModuleAssy01_E008,ModuleAssy01,ModuleAssy_OP05,CT_HOUM548DRJ2_DRJ05,OTHER,/World/ProdLine/a_L_HST_Module/t_id_L_HST_Module_AA01/id_L_HST_Module_AA01/L_HST_Module/L_HST_Module/ASSET_PROD/asset_L_HST_Module_PROD/t_id_CT_HOUM548DRJ2_DRJ05,1,ACTIVE
ModuleAssy01_E009,ModuleAssy01,ModuleAssy_OP06,CT_HOUM548DRJ2_DRJ06,OTHER,/World/ProdLine/a_L_HST_Module/t_id_L_HST_Module_AA01/id_L_HST_Module_AA01/L_HST_Module/L_HST_Module/ASSET_PROD/asset_L_HST_Module_PROD/t_id_CT_HOUM548DRJ2_DRJ06,1,ACTIVE
ModuleAssy01_E010,ModuleAssy01,ModuleAssy_OP06,CT_HOUM548TPSL_L_BF02,OTHER,/World/ProdLine/a_L_HST_Module/t_id_L_HST_Module_AA01/id_L_HST_Module_AA01/L_HST_Module/L_HST_Module/ASSET_PROD/asset_L_HST_Module_PROD/t_id_CT_HOUM548TPSL_L_BF02,2,ACTIVE
ModuleAssy01_E011,ModuleAssy01,ModuleAssy_OP07,CT_HOUM548PCB_PCB01,OTHER,/World/ProdLine/a_L_HST_Module/t_id_L_HST_Module_AA01/id_L_HST_Module_AA01/L_HST_Module/L_HST_Module/ASSET_PROD/asset_L_HST_Module_PROD/t_id_CT_HOUM548PCB_PCB01,1,ACTIVE
ModuleAssy01_E012,ModuleAssy01,ModuleAssy_OP08,CT_HOUM548YH11_YH01,OTHER,/World/ProdLine/a_L_HST_Module/t_id_L_HST_Module_AA01/id_L_HST_Module_AA01/L_HST_Module/L_HST_Module/ASSET_PROD/asset_L_HST_Module_PROD/t_id_CT_HOUM548YH11_YH01,1,ACTIVE
ModuleAssy01_E013,ModuleAssy01,ModuleAssy_OP08,CT_HOUM548HM_HM01,OTHER,/World/ProdLine/a_L_HST_Module/t_id_L_HST_Module_AA01/id_L_HST_Module_AA01/L_HST_Module/L_HST_Module/ASSET_PROD/asset_L_HST_Module_PROD/t_id_CT_HOUM548HM_HM01,2,ACTIVE
ModuleAssy01_E014,ModuleAssy01,ModuleAssy_OP09,CT_HOUM548DRJ2_DRJ09,OTHER,/World/ProdLine/a_L_HST_Module/t_id_L_HST_Module_AA01/id_L_HST_Module_AA01/L_HST_Module/L_HST_Module/ASSET_PROD/asset_L_HST_Module_PROD/t_id_CT_HOUM548DRJ2_DRJ09,1,ACTIVE
ModuleAssy01_E015,ModuleAssy01,ModuleAssy_OP10,CT_HOUM548DRJ2_DRJ10,OTHER,/World/ProdLine/a_L_HST_Module/t_id_L_HST_Module_AA01/id_L_HST_Module_AA01/L_HST_Module/L_HST_Module/ASSET_PROD/asset_L_HST_Module_PROD/t_id_CT_HOUM548DRJ2_DRJ10,1,ACTIVE
ModuleAssy01_E016,ModuleAssy01,ModuleAssy_OP10,CT_HOUM548DRJ2_DRJ11,OTHER,/World/ProdLine/a_L_HST_Module/t_id_L_HST_Module_AA01/id_L_HST_Module_AA01/L_HST_Module/L_HST_Module/ASSET_PROD/asset_L_HST_Module_PROD/t_id_CT_HOUM548DRJ2_DRJ11,2,ACTIVE
ModuleAssy01_E017,ModuleAssy01,ModuleAssy_OP11,CT_HOUM548DRJ2_DRJ12,OTHER,/World/ProdLine/a_L_HST_Module/t_id_L_HST_Module_AA01/id_L_HST_Module_AA01/L_HST_Module/L_HST_Module/ASSET_PROD/asset_L_HST_Module_PROD/t_id_CT_HOUM548DRJ2_DRJ12,1,ACTIVE
ModuleAssy01_E018,ModuleAssy01,ModuleAssy_OP12,CT_HOUM548TPSL_L_BF03,OTHER,/World/ProdLine/a_L_HST_Module/t_id_L_HST_Module_AA01/id_L_HST_Module_AA01/L_HST_Module/L_HST_Module/ASSET_PROD/asset_L_HST_Module_PROD/t_id_CT_HOUM548TPSL_L_BF03,1,ACTIVE
ModuleAssy01_E019,ModuleAssy01,ModuleAssy_OP12,CT_HOUM548BS_BS01,OTHER,/World/ProdLine/a_L_HST_Module/t_id_L_HST_Module_AA01/id_L_HST_Module_AA01/L_HST_Module/L_HST_Module/ASSET_PROD/asset_L_HST_Module_PROD/t_id_CT_HOUM548BS_BS01,2,ACTIVE
ModuleAssy01_E020,ModuleAssy01,ModuleAssy_OP13,CT_HOUM548YH11_YH02,OTHER,/World/ProdLine/a_L_HST_Module/t_id_L_HST_Module_AA01/id_L_HST_Module_AA01/L_HST_Module/L_HST_Module/ASSET_PROD/asset_L_HST_Module_PROD/t_id_CT_HOUM548YH11_YH02,1,ACTIVE
ModuleAssy01_E021,ModuleAssy01,ModuleAssy_OP14,CT_HOUM548CNTSC12_CNTSC01,OTHER,/World/ProdLine/a_L_HST_Module/t_id_L_HST_Module_AA01/id_L_HST_Module_AA01/L_HST_Module/L_HST_Module/ASSET_PROD/asset_L_HST_Module_PROD/t_id_CT_HOUM548CNTSC12_CNTSC01,1,ACTIVE
ModuleAssy01_E022,ModuleAssy01,ModuleAssy_OP14,CT_HOUM548CNTSC12_CNTSC02,OTHER,/World/ProdLine/a_L_HST_Module/t_id_L_HST_Module_AA01/id_L_HST_Module_AA01/L_HST_Module/L_HST_Module/ASSET_PROD/asset_L_HST_Module_PROD/t_id_CT_HOUM548CNTSC12_CNTSC02,2,ACTIVE
ModuleAssy01_E023,ModuleAssy01,ModuleAssy_OP15,CT_HOUM548CNTSC12_CNTSC03,OTHER,/World/ProdLine/a_L_HST_Module/t_id_L_HST_Module_AA01/id_L_HST_Module_AA01/L_HST_Module/L_HST_Module/ASSET_PROD/asset_L_HST_Module_PROD/t_id_CT_HOUM548CNTSC12_CNTSC03,1,ACTIVE
ModuleAssy01_E024,ModuleAssy01,ModuleAssy_OP16,CT_HOUM548BSSC20_BSSC01,OTHER,/World/ProdLine/a_L_HST_Module/t_id_L_HST_Module_AA01/id_L_HST_Module_AA01/L_HST_Module/L_HST_Module/ASSET_PROD/asset_L_HST_Module_PROD/t_id_CT_HOUM548BSSC20_BSSC01,1,ACTIVE
ModuleAssy01_E025,ModuleAssy01,ModuleAssy_OP16,CT_HOUM548BSSC20_BSSC02,OTHER,/World/ProdLine/a_L_HST_Module/t_id_L_HST_Module_AA01/id_L_HST_Module_AA01/L_HST_Module/L_HST_Module/ASSET_PROD/asset_L_HST_Module_PROD/t_id_CT_HOUM548BSSC20_BSSC02,2,ACTIVE
ModuleAssy01_E026,ModuleAssy01,ModuleAssy_OP17,CT_HOUM548HM_HM02,OTHER,/World/ProdLine/a_L_HST_Module/t_id_L_HST_Module_AA01/id_L_HST_Module_AA01/L_HST_Module/L_HST_Module/ASSET_PROD/asset_L_HST_Module_PROD/t_id_CT_HOUM548HM_HM02,1,ACTIVE
ModuleAssy01_E027,ModuleAssy01,ModuleAssy_OP18,CT_HOUM548FM_FM01,OTHER,/World/ProdLine/a_L_HST_Module/t_id_L_HST_Module_AA01/id_L_HST_Module_AA01/L_HST_Module/L_HST_Module/ASSET_PROD/asset_L_HST_Module_PROD/t_id_CT_HOUM548FM_FM01,1,ACTIVE
ModuleAssy01_E028,ModuleAssy01,ModuleAssy_OP18,CT_HOUM548PCBSC24_PCBSC01,OTHER,/World/ProdLine/a_L_HST_Module/t_id_L_HST_Module_AA01/id_L_HST_Module_AA01/L_HST_Module/L_HST_Module/ASSET_PROD/asset_L_HST_Module_PROD/t_id_CT_HOUM548PCBSC24_PCBSC01,2,ACTIVE
ModuleAssy01_E029,ModuleAssy01,ModuleAssy_OP19,CT_HOUM548HM_HM03,OTHER,/World/ProdLine/a_L_HST_Module/t_id_L_HST_Module_AA01/id_L_HST_Module_AA01/L_HST_Module/L_HST_Module/ASSET_PROD/asset_L_HST_Module_PROD/t_id_CT_HOUM548HM_HM03,1,ACTIVE
ModuleAssy01_E030,ModuleAssy01,ModuleAssy_OP20,CT_HOUM548SFL_SFL01,OTHER,/World/ProdLine/a_L_HST_Module/t_id_L_HST_Module_AA01/id_L_HST_Module_AA01/L_HST_Module/L_HST_Module/ASSET_PROD/asset_L_HST_Module_PROD/t_id_CT_HOUM548SFL_SFL01,1,ACTIVE
ModuleAssy01_E031,ModuleAssy01,ModuleAssy_OP20,CT_HOUM548TPSL_L_BF04,OTHER,/World/ProdLine/a_L_HST_Module/t_id_L_HST_Module_AA01/id_L_HST_Module_AA01/L_HST_Module/L_HST_Module/ASSET_PROD/asset_L_HST_Module_PROD/t_id_CT_HOUM548TPSL_L_BF04,2,ACTIVE
ModuleAssy01_E032,ModuleAssy01,ModuleAssy_OP21,CT_HOUM548ZPRL_02_ZPRL02,OTHER,/World/ProdLine/a_L_HST_Module/t_id_L_HST_Module_AA01/id_L_HST_Module_AA01/L_HST_Module/L_HST_Module/ASSET_PROD/asset_L_HST_Module_PROD/t_id_CT_HOUM548ZPRL_02_ZPRL02,1,ACTIVE
MainAssy01_E001,MainAssy01,MainAssy_OP01,CT_HBNCZSYZ_LD01,ROBOT,/World/ProdLine/a_L_HST_TestAssy_Sub/t_id_L_HST_TestAssy_Sub_AA01/id_L_HST_TestAssy_Sub_AA01/L_HST_TestAssy_Sub/L_HST_TestAssy_Sub/ASSET_PROD/asset_L_HST_TestAssy_Sub_PROD/t_id_CT_HBNCZSYZ_LD01,1,ACTIVE
MainAssy01_E002,MainAssy01,MainAssy_OP01,CT_HBNCZSMD_LD03,ROBOT,/World/ProdLine/a_L_HST_TestAssy_Sub/t_id_L_HST_TestAssy_Sub_AA01/id_L_HST_TestAssy_Sub_AA01/L_HST_TestAssy_Sub/L_HST_TestAssy_Sub/ASSET_PROD/asset_L_HST_TestAssy_Sub_PROD/t_id_CT_HBNCZSMD_LD03,2,ACTIVE
MainAssy01_E003,MainAssy01,MainAssy_OP01,CT_HBNCZSPCBSC_PSC01,OTHER,/World/ProdLine/a_L_HST_TestAssy_Sub/t_id_L_HST_TestAssy_Sub_AA01/id_L_HST_TestAssy_Sub_AA01/L_HST_TestAssy_Sub/L_HST_TestAssy_Sub/ASSET_PROD/asset_L_HST_TestAssy_Sub_PROD/t_id_CT_HBNCZSPCBSC_PSC01,3,ACTIVE
MainAssy01_E004,MainAssy01,MainAssy_OP02,CT_HBNCZSHMF_FA01,OTHER,/World/ProdLine/a_L_HST_TestAssy_Sub/t_id_L_HST_TestAssy_Sub_AA01/id_L_HST_TestAssy_Sub_AA01/L_HST_TestAssy_Sub/L_HST_TestAssy_Sub/ASSET_PROD/asset_L_HST_TestAssy_Sub_PROD/t_id_CT_HBNCZSHMF_FA01,1,ACTIVE
MainAssy01_E005,MainAssy01,MainAssy_OP02,CT_HBNCZSIOB_AS02,OTHER,/World/ProdLine/a_L_HST_TestAssy_Sub/t_id_L_HST_TestAssy_Sub_AA01/id_L_HST_TestAssy_Sub_AA01/L_HST_TestAssy_Sub/L_HST_TestAssy_Sub/ASSET_PROD/asset_L_HST_TestAssy_Sub_PROD/t_id_CT_HBNCZSIOB_AS02,2,ACTIVE
MainAssy01_E006,MainAssy01,MainAssy_OP03,CT_HBNCZSHMF_FA02,OTHER,/World/ProdLine/a_L_HST_TestAssy_Sub/t_id_L_HST_TestAssy_Sub_AA01/id_L_HST_TestAssy_Sub_AA01/L_HST_TestAssy_Sub/L_HST_TestAssy_Sub/ASSET_PROD/asset_L_HST_TestAssy_Sub_PROD/t_id_CT_HBNCZSHMF_FA02,1,ACTIVE
MainAssy01_E007,MainAssy01,MainAssy_OP03,CT_HBNCZSIOBSC_AS03,OTHER,/World/ProdLine/a_L_HST_TestAssy_Sub/t_id_L_HST_TestAssy_Sub_AA01/id_L_HST_TestAssy_Sub_AA01/L_HST_TestAssy_Sub/L_HST_TestAssy_Sub/ASSET_PROD/asset_L_HST_TestAssy_Sub_PROD/t_id_CT_HBNCZSIOBSC_AS03,2,ACTIVE
MainAssy01_E008,MainAssy01,MainAssy_OP04,CT_HBNCZSHMF_FA03,OTHER,/World/ProdLine/a_L_HST_TestAssy_Sub/t_id_L_HST_TestAssy_Sub_AA01/id_L_HST_TestAssy_Sub_AA01/L_HST_TestAssy_Sub/L_HST_TestAssy_Sub/ASSET_PROD/asset_L_HST_TestAssy_Sub_PROD/t_id_CT_HBNCZSHMF_FA03,1,ACTIVE
MainAssy01_E009,MainAssy01,MainAssy_OP04,CT_HBNCZSCPSC1_SC01,OTHER,/World/ProdLine/a_L_HST_TestAssy_Sub/t_id_L_HST_TestAssy_Sub_AA01/id_L_HST_TestAssy_Sub_AA01/L_HST_TestAssy_Sub/L_HST_TestAssy_Sub/ASSET_PROD/asset_L_HST_TestAssy_Sub_PROD/t_id_CT_HBNCZSCPSC1_SC01,2,ACTIVE
MainAssy01_E010,MainAssy01,MainAssy_OP05,CT_HBNCZSCPSC1_SC02,OTHER,/World/ProdLine/a_L_HST_TestAssy_Sub/t_id_L_HST_TestAssy_Sub_AA01/id_L_HST_TestAssy_Sub_AA01/L_HST_TestAssy_Sub/L_HST_TestAssy_Sub/ASSET_PROD/asset_L_HST_TestAssy_Sub_PROD/t_id_CT_HBNCZSCPSC1_SC02,1,ACTIVE
MainAssy01_E011,MainAssy01,MainAssy_OP05,CT_HBNCZSCPSC1_SC03,OTHER,/World/ProdLine/a_L_HST_TestAssy_Sub/t_id_L_HST_TestAssy_Sub_AA01/id_L_HST_TestAssy_Sub_AA01/L_HST_TestAssy_Sub/L_HST_TestAssy_Sub/ASSET_PROD/asset_L_HST_TestAssy_Sub_PROD/t_id_CT_HBNCZSCPSC1_SC03,2,ACTIVE
MainAssy01_E012,MainAssy01,MainAssy_OP06,CT_HBNCZSHMF_FA04,OTHER,/World/ProdLine/a_L_HST_TestAssy_Sub/t_id_L_HST_TestAssy_Sub_AA01/id_L_HST_TestAssy_Sub_AA01/L_HST_TestAssy_Sub/L_HST_TestAssy_Sub/ASSET_PROD/asset_L_HST_TestAssy_Sub_PROD/t_id_CT_HBNCZSHMF_FA04,1,ACTIVE
MainAssy01_E013,MainAssy01,MainAssy_OP06,CT_HBNCZSSL_UL01,OTHER,/World/ProdLine/a_L_HST_TestAssy_Sub/t_id_L_HST_TestAssy_Sub_AA01/id_L_HST_TestAssy_Sub_AA01/L_HST_TestAssy_Sub/L_HST_TestAssy_Sub/ASSET_PROD/asset_L_HST_TestAssy_Sub_PROD/t_id_CT_HBNCZSSL_UL01,2,ACTIVE
MainAssy01_E014,MainAssy01,MainAssy_OP06,CT_HBNCZSZJ_UL02,OTHER,/World/ProdLine/a_L_HST_TestAssy_Sub/t_id_L_HST_TestAssy_Sub_AA01/id_L_HST_TestAssy_Sub_AA01/L_HST_TestAssy_Sub/L_HST_TestAssy_Sub/ASSET_PROD/asset_L_HST_TestAssy_Sub_PROD/t_id_CT_HBNCZSZJ_UL02,3,ACTIVE
MainAssy01_E015,MainAssy01,MainAssy_OP07,CT_HBNCZLD_UL03,OTHER,/World/ProdLine/a_L_HST_TestAssy_Sub/t_id_L_HST_TestAssy_Sub_AA01/id_L_HST_TestAssy_Sub_AA01/L_HST_TestAssy_Sub/L_HST_TestAssy_Sub/ASSET_PROD/asset_L_HST_TestAssy_Sub_PROD/t_id_CT_HBNCZLD_UL03,1,ACTIVE
MainAssy01_E016,MainAssy01,MainAssy_OP07,CT_HBNCZTC_TL01,OTHER,/World/ProdLine/a_L_HST_TestAssy_Sub/t_id_L_HST_TestAssy_Sub_AA01/id_L_HST_TestAssy_Sub_AA01/L_HST_TestAssy_Sub/L_HST_TestAssy_Sub/ASSET_PROD/asset_L_HST_TestAssy_Sub_PROD/t_id_CT_HBNCZTC_TL01,2,ACTIVE
MainAssy01_E017,MainAssy01,MainAssy_OP08,CT_HOUM548TPSL_R_BF01,OTHER,/World/ProdLine/a_L_HST_TestAssy_Sub/t_id_L_HST_TestAssy_Sub_AA01/id_L_HST_TestAssy_Sub_AA01/L_HST_TestAssy_Sub/L_HST_TestAssy_Sub/ASSET_PROD/asset_L_HST_TestAssy_Sub_PROD/t_id_CT_HOUM548TPSL_R_BF01,1,ACTIVE
MainAssy01_E018,MainAssy01,MainAssy_OP08,CT_HOUM548TPSL_L_BF02,OTHER,/World/ProdLine/a_L_HST_TestAssy_Sub/t_id_L_HST_TestAssy_Sub_AA01/id_L_HST_TestAssy_Sub_AA01/L_HST_TestAssy_Sub/L_HST_TestAssy_Sub/ASSET_PROD/asset_L_HST_TestAssy_Sub_PROD/t_id_CT_HOUM548TPSL_L_BF02,2,ACTIVE
MainAssy01_E019,MainAssy01,MainAssy_OP09,CT_HOUM548TPSL_R_BF03,OTHER,/World/ProdLine/a_L_HST_TestAssy_Sub/t_id_L_HST_TestAssy_Sub_AA01/id_L_HST_TestAssy_Sub_AA01/L_HST_TestAssy_Sub/L_HST_TestAssy_Sub/ASSET_PROD/asset_L_HST_TestAssy_Sub_PROD/t_id_CT_HOUM548TPSL_R_BF03,1,ACTIVE
MainAssy01_E020,MainAssy01,MainAssy_OP09,CT_HOUM548TPSL_L_BF04,OTHER,/World/ProdLine/a_L_HST_TestAssy_Sub/t_id_L_HST_TestAssy_Sub_AA01/id_L_HST_TestAssy_Sub_AA01/L_HST_TestAssy_Sub/L_HST_TestAssy_Sub/ASSET_PROD/asset_L_HST_TestAssy_Sub_PROD/t_id_CT_HOUM548TPSL_L_BF04,2,ACTIVE
MainAssy01_E021,MainAssy01,MainAssy_OP10,CT_HOUM548TPSL_L_BF05,OTHER,/World/ProdLine/a_L_HST_TestAssy_Sub/t_id_L_HST_TestAssy_Sub_AA01/id_L_HST_TestAssy_Sub_AA01/L_HST_TestAssy_Sub/L_HST_TestAssy_Sub/ASSET_PROD/asset_L_HST_TestAssy_Sub_PROD/t_id_CT_HOUM548TPSL_L_BF05,1,ACTIVE
MainAssy01_E022,MainAssy01,MainAssy_OP10,CT_HBNCZSMD_LD03_01,ROBOT,/World/ProdLine/a_L_HST_TestAssy_Sub/t_id_L_HST_TestAssy_Sub_AA01/id_L_HST_TestAssy_Sub_AA01/L_HST_TestAssy_Sub/L_HST_TestAssy_Sub/ASSET_PROD/asset_L_HST_TestAssy_Sub_PROD/t_id_CT_HBNCZSMD_LD03_01,2,ACTIVE
MainAssy01_E023,MainAssy01,MainAssy_OP11,CT_HBNCZSIOB_AS02_01,OTHER,/World/ProdLine/a_L_HST_TestAssy_Sub/t_id_L_HST_TestAssy_Sub_AA01/id_L_HST_TestAssy_Sub_AA01/L_HST_TestAssy_Sub/L_HST_TestAssy_Sub/ASSET_PROD/asset_L_HST_TestAssy_Sub_PROD/t_id_CT_HBNCZSIOB_AS02_01,1,ACTIVE
MainAssy01_E024,MainAssy01,MainAssy_OP11,CT_HBNCZSMD_LD03_02,ROBOT,/World/ProdLine/a_L_HST_TestAssy_Sub/t_id_L_HST_TestAssy_Sub_AA01/id_L_HST_TestAssy_Sub_AA01/L_HST_TestAssy_Sub/L_HST_TestAssy_Sub/ASSET_PROD/asset_L_HST_TestAssy_Sub_PROD/t_id_CT_HBNCZSMD_LD03_02,2,ACTIVE
TrayAssy01_E001,TrayAssy01,TrayAssy_OP01,CT_HBNCZMTC_TL01,OTHER,/World/ProdLine/a_L_HST_TestAssy_Main/t_id_L_HST_TestAssy_Main_AA01/id_L_HST_TestAssy_Main_AA01/L_HST_TestAssy_Main/L_HST_TestAssy_Main/ASSET_PROD/asset_L_HST_TestAssy_Main_PROD/t_id_CT_HBNCZMTC_TL01,1,ACTIVE
TrayAssy01_E002,TrayAssy01,TrayAssy_OP01,CT_HBNCZMLD_LD01,ROBOT,/World/ProdLine/a_L_HST_TestAssy_Main/t_id_L_HST_TestAssy_Main_AA01/id_L_HST_TestAssy_Main_AA01/L_HST_TestAssy_Main/L_HST_TestAssy_Main/ASSET_PROD/asset_L_HST_TestAssy_Main_PROD/t_id_CT_HBNCZMLD_LD01,2,ACTIVE
TrayAssy01_E003,TrayAssy01,TrayAssy_OP02,CT_HBNCZMCVRG_WS01,WORKSTATION,/World/ProdLine/a_L_HST_TestAssy_Main/t_id_L_HST_TestAssy_Main_AA01/id_L_HST_TestAssy_Main_AA01/L_HST_TestAssy_Main/L_HST_TestAssy_Main/ASSET_PROD/asset_L_HST_TestAssy_Main_PROD/t_id_CT_HBNCZMCVRG_WS01,1,ACTIVE
TrayAssy01_E004,TrayAssy01,TrayAssy_OP03,CT_HBNCZMCVRG_WS02,WORKSTATION,/World/ProdLine/a_L_HST_TestAssy_Main/t_id_L_HST_TestAssy_Main_AA01/id_L_HST_TestAssy_Main_AA01/L_HST_TestAssy_Main/L_HST_TestAssy_Main/ASSET_PROD/asset_L_HST_TestAssy_Main_PROD/t_id_CT_HBNCZMCVRG_WS02,1,ACTIVE
TrayAssy01_E005,TrayAssy01,TrayAssy_OP04,CT_HBNCZMCVRG_WS03,WORKSTATION,/World/ProdLine/a_L_HST_TestAssy_Main/t_id_L_HST_TestAssy_Main_AA01/id_L_HST_TestAssy_Main_AA01/L_HST_TestAssy_Main/L_HST_TestAssy_Main/ASSET_PROD/asset_L_HST_TestAssy_Main_PROD/t_id_CT_HBNCZMCVRG_WS03,1,ACTIVE
TrayAssy01_E006,TrayAssy01,TrayAssy_OP05,CT_HBNCZMCVRG_WS04,WORKSTATION,/World/ProdLine/a_L_HST_TestAssy_Main/t_id_L_HST_TestAssy_Main_AA01/id_L_HST_TestAssy_Main_AA01/L_HST_TestAssy_Main/L_HST_TestAssy_Main/ASSET_PROD/asset_L_HST_TestAssy_Main_PROD/t_id_CT_HBNCZMCVRG_WS04,1,ACTIVE
TrayAssy01_E007,TrayAssy01,TrayAssy_OP05,CT_HBNCZMCVRG_WS05,WORKSTATION,/World/ProdLine/a_L_HST_TestAssy_Main/t_id_L_HST_TestAssy_Main_AA01/id_L_HST_TestAssy_Main_AA01/L_HST_TestAssy_Main/L_HST_TestAssy_Main/ASSET_PROD/asset_L_HST_TestAssy_Main_PROD/t_id_CT_HBNCZMCVRG_WS05,2,ACTIVE
TrayAssy01_E008,TrayAssy01,TrayAssy_OP06,CT_HBNCZMCVRG_WS06,WORKSTATION,/World/ProdLine/a_L_HST_TestAssy_Main/t_id_L_HST_TestAssy_Main_AA01/id_L_HST_TestAssy_Main_AA01/L_HST_TestAssy_Main/L_HST_TestAssy_Main/ASSET_PROD/asset_L_HST_TestAssy_Main_PROD/t_id_CT_HBNCZMCVRG_WS06,1,ACTIVE
TrayAssy01_E009,TrayAssy01,TrayAssy_OP07,CT_HBNCZMCVF_FLD01,ROBOT,/World/ProdLine/a_L_HST_TestAssy_Main/t_id_L_HST_TestAssy_Main_AA01/id_L_HST_TestAssy_Main_AA01/L_HST_TestAssy_Main/L_HST_TestAssy_Main/ASSET_PROD/asset_L_HST_TestAssy_Main_PROD/t_id_CT_HBNCZMCVF_FLD01,1,ACTIVE
TrayAssy01_E010,TrayAssy01,TrayAssy_OP08,CT_HBNCZMBUF_BF01,OTHER,/World/ProdLine/a_L_HST_TestAssy_Main/t_id_L_HST_TestAssy_Main_AA01/id_L_HST_TestAssy_Main_AA01/L_HST_TestAssy_Main/L_HST_TestAssy_Main/ASSET_PROD/asset_L_HST_TestAssy_Main_PROD/t_id_CT_HBNCZMBUF_BF01,1,ACTIVE
TrayAssy01_E011,TrayAssy01,TrayAssy_OP09,CT_HBNCZMULD_ULD02,ROBOT,/World/ProdLine/a_L_HST_TestAssy_Main/t_id_L_HST_TestAssy_Main_AA01/id_L_HST_TestAssy_Main_AA01/L_HST_TestAssy_Main/L_HST_TestAssy_Main/ASSET_PROD/asset_L_HST_TestAssy_Main_PROD/t_id_CT_HBNCZMULD_ULD02,1,ACTIVE
FT01_E001,FT01,FT_OP01,CT_TWNF09_13_RACK01,OTHER,/World/ProdLine/a_L_HST_POD/t_id_L_HST_POD_Rack_Cell_CELL01/id_L_HST_POD_Rack_Cell_CELL01/L_HST_POD_Rack_Cell/L_HST_POD_Rack_Cell/ASSET_PROD/asset_L_HST_POD_Rack_Cell_PROD/t_id_CT_TWNF09_13_RACK01,1,ACTIVE
FT01_E002,FT01,FT_OP01,CT_TWNF09_13_RACK02,OTHER,/World/ProdLine/a_L_HST_POD/t_id_L_HST_POD_Rack_Cell_CELL01/id_L_HST_POD_Rack_Cell_CELL01/L_HST_POD_Rack_Cell/L_HST_POD_Rack_Cell/ASSET_PROD/asset_L_HST_POD_Rack_Cell_PROD/t_id_CT_TWNF09_13_RACK02,2,ACTIVE
FT01_E003,FT01,FT_OP01,CT_TWNF09_13_RACK03,OTHER,/World/ProdLine/a_L_HST_POD/t_id_L_HST_POD_Rack_Cell_CELL01/id_L_HST_POD_Rack_Cell_CELL01/L_HST_POD_Rack_Cell/L_HST_POD_Rack_Cell/ASSET_PROD/asset_L_HST_POD_Rack_Cell_PROD/t_id_CT_TWNF09_13_RACK03,3,ACTIVE
FT01_E004,FT01,FT_OP01,CT_TWNF09_13_RACK04,OTHER,/World/ProdLine/a_L_HST_POD/t_id_L_HST_POD_Rack_Cell_CELL01/id_L_HST_POD_Rack_Cell_CELL01/L_HST_POD_Rack_Cell/L_HST_POD_Rack_Cell/ASSET_PROD/asset_L_HST_POD_Rack_Cell_PROD/t_id_CT_TWNF09_13_RACK04,4,ACTIVE
FT01_E005,FT01,FT_OP01,CT_TWNF09_13_RACK05,OTHER,/World/ProdLine/a_L_HST_POD/t_id_L_HST_POD_Rack_Cell_CELL01/id_L_HST_POD_Rack_Cell_CELL01/L_HST_POD_Rack_Cell/L_HST_POD_Rack_Cell/ASSET_PROD/asset_L_HST_POD_Rack_Cell_PROD/t_id_CT_TWNF09_13_RACK05,5,ACTIVE
FT01_E006,FT01,FT_OP01,CT_TWNF09_13_RACK06,OTHER,/World/ProdLine/a_L_HST_POD/t_id_L_HST_POD_Rack_Cell_CELL01/id_L_HST_POD_Rack_Cell_CELL01/L_HST_POD_Rack_Cell/L_HST_POD_Rack_Cell/ASSET_PROD/asset_L_HST_POD_Rack_Cell_PROD/t_id_CT_TWNF09_13_RACK06,6,ACTIVE
FT01_E007,FT01,FT_OP01,CT_TWNF09_13_RACK07,OTHER,/World/ProdLine/a_L_HST_POD/t_id_L_HST_POD_Rack_Cell_CELL01/id_L_HST_POD_Rack_Cell_CELL01/L_HST_POD_Rack_Cell/L_HST_POD_Rack_Cell/ASSET_PROD/asset_L_HST_POD_Rack_Cell_PROD/t_id_CT_TWNF09_13_RACK07,7,ACTIVE
FT01_E008,FT01,FT_OP01,CT_TWNF09_13_RACK08,OTHER,/World/ProdLine/a_L_HST_POD/t_id_L_HST_POD_Rack_Cell_CELL01/id_L_HST_POD_Rack_Cell_CELL01/L_HST_POD_Rack_Cell/L_HST_POD_Rack_Cell/ASSET_PROD/asset_L_HST_POD_Rack_Cell_PROD/t_id_CT_TWNF09_13_RACK08,8,ACTIVE
FT01_E009,FT01,FT_OP01,CT_TWNF09_13_RACK09,OTHER,/World/ProdLine/a_L_HST_POD/t_id_L_HST_POD_Rack_Cell_CELL01/id_L_HST_POD_Rack_Cell_CELL01/L_HST_POD_Rack_Cell/L_HST_POD_Rack_Cell/ASSET_PROD/asset_L_HST_POD_Rack_Cell_PROD/t_id_CT_TWNF09_13_RACK09,9,ACTIVE
FT01_E010,FT01,FT_OP01,CT_TWNF09_13_RACK10,OTHER,/World/ProdLine/a_L_HST_POD/t_id_L_HST_POD_Rack_Cell_CELL01/id_L_HST_POD_Rack_Cell_CELL01/L_HST_POD_Rack_Cell/L_HST_POD_Rack_Cell/ASSET_PROD/asset_L_HST_POD_Rack_Cell_PROD/t_id_CT_TWNF09_13_RACK10,10,ACTIVE
FT01_E011,FT01,FT_OP01,CT_TWNF09_13_RACK11,OTHER,/World/ProdLine/a_L_HST_POD/t_id_L_HST_POD_Rack_Cell_CELL01/id_L_HST_POD_Rack_Cell_CELL01/L_HST_POD_Rack_Cell/L_HST_POD_Rack_Cell/ASSET_PROD/asset_L_HST_POD_Rack_Cell_PROD/t_id_CT_TWNF09_13_RACK11,11,ACTIVE
FT01_E012,FT01,FT_OP01,CT_TWNF09_13_RACK12,OTHER,/World/ProdLine/a_L_HST_POD/t_id_L_HST_POD_Rack_Cell_CELL01/id_L_HST_POD_Rack_Cell_CELL01/L_HST_POD_Rack_Cell/L_HST_POD_Rack_Cell/ASSET_PROD/asset_L_HST_POD_Rack_Cell_PROD/t_id_CT_TWNF09_13_RACK12,12,ACTIVE
FT01_E013,FT01,FT_OP01,CT_TWNF09_13_RACK13,OTHER,/World/ProdLine/a_L_HST_POD/t_id_L_HST_POD_Rack_Cell_CELL01/id_L_HST_POD_Rack_Cell_CELL01/L_HST_POD_Rack_Cell/L_HST_POD_Rack_Cell/ASSET_PROD/asset_L_HST_POD_Rack_Cell_PROD/t_id_CT_TWNF09_13_RACK13,13,ACTIVE
FT01_E014,FT01,FT_OP01,CT_TWNF09_13_RACK14,OTHER,/World/ProdLine/a_L_HST_POD/t_id_L_HST_POD_Rack_Cell_CELL01/id_L_HST_POD_Rack_Cell_CELL01/L_HST_POD_Rack_Cell/L_HST_POD_Rack_Cell/ASSET_PROD/asset_L_HST_POD_Rack_Cell_PROD/t_id_CT_TWNF09_13_RACK14,14,ACTIVE
FT01_E015,FT01,FT_OP01,CT_TWNF09_13_RACK15,OTHER,/World/ProdLine/a_L_HST_POD/t_id_L_HST_POD_Rack_Cell_CELL01/id_L_HST_POD_Rack_Cell_CELL01/L_HST_POD_Rack_Cell/L_HST_POD_Rack_Cell/ASSET_PROD/asset_L_HST_POD_Rack_Cell_PROD/t_id_CT_TWNF09_13_RACK15,15,ACTIVE
FT01_E016,FT01,FT_OP01,CT_TWNF09_13_RACK16,OTHER,/World/ProdLine/a_L_HST_POD/t_id_L_HST_POD_Rack_Cell_CELL01/id_L_HST_POD_Rack_Cell_CELL01/L_HST_POD_Rack_Cell/L_HST_POD_Rack_Cell/ASSET_PROD/asset_L_HST_POD_Rack_Cell_PROD/t_id_CT_TWNF09_13_RACK16,16,ACTIVE
FT01_E017,FT01,FT_OP01,CT_TWNF09_13_RACK17,OTHER,/World/ProdLine/a_L_HST_POD/t_id_L_HST_POD_Rack_Cell_CELL01/id_L_HST_POD_Rack_Cell_CELL01/L_HST_POD_Rack_Cell/L_HST_POD_Rack_Cell/ASSET_PROD/asset_L_HST_POD_Rack_Cell_PROD/t_id_CT_TWNF09_13_RACK17,17,ACTIVE
FT01_E018,FT01,FT_OP01,CT_TWNF09_13_RACK18,OTHER,/World/ProdLine/a_L_HST_POD/t_id_L_HST_POD_Rack_Cell_CELL01/id_L_HST_POD_Rack_Cell_CELL01/L_HST_POD_Rack_Cell/L_HST_POD_Rack_Cell/ASSET_PROD/asset_L_HST_POD_Rack_Cell_PROD/t_id_CT_TWNF09_13_RACK18,18,ACTIVE
FT01_E019,FT01,FT_OP01,CT_TWNF09_13_RACK19,OTHER,/World/ProdLine/a_L_HST_POD/t_id_L_HST_POD_Rack_Cell_CELL01/id_L_HST_POD_Rack_Cell_CELL01/L_HST_POD_Rack_Cell/L_HST_POD_Rack_Cell/ASSET_PROD/asset_L_HST_POD_Rack_Cell_PROD/t_id_CT_TWNF09_13_RACK19,19,ACTIVE
FT01_E020,FT01,FT_OP01,CT_TWNF09_13_RACK20,OTHER,/World/ProdLine/a_L_HST_POD/t_id_L_HST_POD_Rack_Cell_CELL01/id_L_HST_POD_Rack_Cell_CELL01/L_HST_POD_Rack_Cell/L_HST_POD_Rack_Cell/ASSET_PROD/asset_L_HST_POD_Rack_Cell_PROD/t_id_CT_TWNF09_13_RACK20,20,ACTIVE
FT01_E021,FT01,FT_OP01,CT_TWNF09_13_RACK21,OTHER,/World/ProdLine/a_L_HST_POD/t_id_L_HST_POD_Rack_Cell_CELL01/id_L_HST_POD_Rack_Cell_CELL01/L_HST_POD_Rack_Cell/L_HST_POD_Rack_Cell/ASSET_PROD/asset_L_HST_POD_Rack_Cell_PROD/t_id_CT_TWNF09_13_RACK21,21,ACTIVE
FT01_E022,FT01,FT_OP01,CT_TWNF09_13_RACK22,OTHER,/World/ProdLine/a_L_HST_POD/t_id_L_HST_POD_Rack_Cell_CELL01/id_L_HST_POD_Rack_Cell_CELL01/L_HST_POD_Rack_Cell/L_HST_POD_Rack_Cell/ASSET_PROD/asset_L_HST_POD_Rack_Cell_PROD/t_id_CT_TWNF09_13_RACK22,22,ACTIVE
FT01_E023,FT01,FT_OP01,CT_TWNF09_13_RACK23,OTHER,/World/ProdLine/a_L_HST_POD/t_id_L_HST_POD_Rack_Cell_CELL01/id_L_HST_POD_Rack_Cell_CELL01/L_HST_POD_Rack_Cell/L_HST_POD_Rack_Cell/ASSET_PROD/asset_L_HST_POD_Rack_Cell_PROD/t_id_CT_TWNF09_13_RACK23,23,ACTIVE
FT01_E024,FT01,FT_OP01,CT_TWNF09_13_RACK24,OTHER,/World/ProdLine/a_L_HST_POD/t_id_L_HST_POD_Rack_Cell_CELL01/id_L_HST_POD_Rack_Cell_CELL01/L_HST_POD_Rack_Cell/L_HST_POD_Rack_Cell/ASSET_PROD/asset_L_HST_POD_Rack_Cell_PROD/t_id_CT_TWNF09_13_RACK24,24,ACTIVE
FT01_E025,FT01,FT_OP01,CT_TWNF09_13_RACK25,OTHER,/World/ProdLine/a_L_HST_POD/t_id_L_HST_POD_Rack_Cell_CELL01/id_L_HST_POD_Rack_Cell_CELL01/L_HST_POD_Rack_Cell/L_HST_POD_Rack_Cell/ASSET_PROD/asset_L_HST_POD_Rack_Cell_PROD/t_id_CT_TWNF09_13_RACK25,25,ACTIVE
FT01_E026,FT01,FT_OP01,CT_TWNF09_13_RACK26,OTHER,/World/ProdLine/a_L_HST_POD/t_id_L_HST_POD_Rack_Cell_CELL01/id_L_HST_POD_Rack_Cell_CELL01/L_HST_POD_Rack_Cell/L_HST_POD_Rack_Cell/ASSET_PROD/asset_L_HST_POD_Rack_Cell_PROD/t_id_CT_TWNF09_13_RACK26,26,ACTIVE
FT01_E027,FT01,FT_OP01,CT_TWNF09_13_RACK27,OTHER,/World/ProdLine/a_L_HST_POD/t_id_L_HST_POD_Rack_Cell_CELL01/id_L_HST_POD_Rack_Cell_CELL01/L_HST_POD_Rack_Cell/L_HST_POD_Rack_Cell/ASSET_PROD/asset_L_HST_POD_Rack_Cell_PROD/t_id_CT_TWNF09_13_RACK27,27,ACTIVE
FT01_E028,FT01,FT_OP01,CT_TWNF09_13_RACK28,OTHER,/World/ProdLine/a_L_HST_POD/t_id_L_HST_POD_Rack_Cell_CELL01/id_L_HST_POD_Rack_Cell_CELL01/L_HST_POD_Rack_Cell/L_HST_POD_Rack_Cell/ASSET_PROD/asset_L_HST_POD_Rack_Cell_PROD/t_id_CT_TWNF09_13_RACK28,28,ACTIVE
FT01_E029,FT01,FT_OP01,CT_TWNF09_13_RACK01,OTHER,/World/ProdLine/a_L_HST_POD/t_id_L_HST_POD_Rack_Cell_CELL02/id_L_HST_POD_Rack_Cell_CELL02/L_HST_POD_Rack_Cell/L_HST_POD_Rack_Cell/ASSET_PROD/asset_L_HST_POD_Rack_Cell_PROD/t_id_CT_TWNF09_13_RACK01,29,ACTIVE
FT01_E030,FT01,FT_OP01,CT_TWNF09_13_RACK02,OTHER,/World/ProdLine/a_L_HST_POD/t_id_L_HST_POD_Rack_Cell_CELL02/id_L_HST_POD_Rack_Cell_CELL02/L_HST_POD_Rack_Cell/L_HST_POD_Rack_Cell/ASSET_PROD/asset_L_HST_POD_Rack_Cell_PROD/t_id_CT_TWNF09_13_RACK02,30,ACTIVE
FT01_E031,FT01,FT_OP01,CT_TWNF09_13_RACK03,OTHER,/World/ProdLine/a_L_HST_POD/t_id_L_HST_POD_Rack_Cell_CELL02/id_L_HST_POD_Rack_Cell_CELL02/L_HST_POD_Rack_Cell/L_HST_POD_Rack_Cell/ASSET_PROD/asset_L_HST_POD_Rack_Cell_PROD/t_id_CT_TWNF09_13_RACK03,31,ACTIVE
FT01_E032,FT01,FT_OP01,CT_TWNF09_13_RACK04,OTHER,/World/ProdLine/a_L_HST_POD/t_id_L_HST_POD_Rack_Cell_CELL02/id_L_HST_POD_Rack_Cell_CELL02/L_HST_POD_Rack_Cell/L_HST_POD_Rack_Cell/ASSET_PROD/asset_L_HST_POD_Rack_Cell_PROD/t_id_CT_TWNF09_13_RACK04,32,ACTIVE
FT01_E033,FT01,FT_OP01,CT_TWNF09_13_RACK05,OTHER,/World/ProdLine/a_L_HST_POD/t_id_L_HST_POD_Rack_Cell_CELL02/id_L_HST_POD_Rack_Cell_CELL02/L_HST_POD_Rack_Cell/L_HST_POD_Rack_Cell/ASSET_PROD/asset_L_HST_POD_Rack_Cell_PROD/t_id_CT_TWNF09_13_RACK05,33,ACTIVE
FT01_E034,FT01,FT_OP01,CT_TWNF09_13_RACK06,OTHER,/World/ProdLine/a_L_HST_POD/t_id_L_HST_POD_Rack_Cell_CELL02/id_L_HST_POD_Rack_Cell_CELL02/L_HST_POD_Rack_Cell/L_HST_POD_Rack_Cell/ASSET_PROD/asset_L_HST_POD_Rack_Cell_PROD/t_id_CT_TWNF09_13_RACK06,34,ACTIVE
FT01_E035,FT01,FT_OP01,CT_TWNF09_13_RACK07,OTHER,/World/ProdLine/a_L_HST_POD/t_id_L_HST_POD_Rack_Cell_CELL02/id_L_HST_POD_Rack_Cell_CELL02/L_HST_POD_Rack_Cell/L_HST_POD_Rack_Cell/ASSET_PROD/asset_L_HST_POD_Rack_Cell_PROD/t_id_CT_TWNF09_13_RACK07,35,ACTIVE
FT01_E036,FT01,FT_OP01,CT_TWNF09_13_RACK08,OTHER,/World/ProdLine/a_L_HST_POD/t_id_L_HST_POD_Rack_Cell_CELL02/id_L_HST_POD_Rack_Cell_CELL02/L_HST_POD_Rack_Cell/L_HST_POD_Rack_Cell/ASSET_PROD/asset_L_HST_POD_Rack_Cell_PROD/t_id_CT_TWNF09_13_RACK08,36,ACTIVE
FT01_E037,FT01,FT_OP01,CT_TWNF09_13_RACK09,OTHER,/World/ProdLine/a_L_HST_POD/t_id_L_HST_POD_Rack_Cell_CELL02/id_L_HST_POD_Rack_Cell_CELL02/L_HST_POD_Rack_Cell/L_HST_POD_Rack_Cell/ASSET_PROD/asset_L_HST_POD_Rack_Cell_PROD/t_id_CT_TWNF09_13_RACK09,37,ACTIVE
FT01_E038,FT01,FT_OP01,CT_TWNF09_13_RACK10,OTHER,/World/ProdLine/a_L_HST_POD/t_id_L_HST_POD_Rack_Cell_CELL02/id_L_HST_POD_Rack_Cell_CELL02/L_HST_POD_Rack_Cell/L_HST_POD_Rack_Cell/ASSET_PROD/asset_L_HST_POD_Rack_Cell_PROD/t_id_CT_TWNF09_13_RACK10,38,ACTIVE
FT01_E039,FT01,FT_OP01,CT_TWNF09_13_RACK11,OTHER,/World/ProdLine/a_L_HST_POD/t_id_L_HST_POD_Rack_Cell_CELL02/id_L_HST_POD_Rack_Cell_CELL02/L_HST_POD_Rack_Cell/L_HST_POD_Rack_Cell/ASSET_PROD/asset_L_HST_POD_Rack_Cell_PROD/t_id_CT_TWNF09_13_RACK11,39,ACTIVE
FT01_E040,FT01,FT_OP01,CT_TWNF09_13_RACK12,OTHER,/World/ProdLine/a_L_HST_POD/t_id_L_HST_POD_Rack_Cell_CELL02/id_L_HST_POD_Rack_Cell_CELL02/L_HST_POD_Rack_Cell/L_HST_POD_Rack_Cell/ASSET_PROD/asset_L_HST_POD_Rack_Cell_PROD/t_id_CT_TWNF09_13_RACK12,40,ACTIVE
FT01_E041,FT01,FT_OP01,CT_TWNF09_13_RACK13,OTHER,/World/ProdLine/a_L_HST_POD/t_id_L_HST_POD_Rack_Cell_CELL02/id_L_HST_POD_Rack_Cell_CELL02/L_HST_POD_Rack_Cell/L_HST_POD_Rack_Cell/ASSET_PROD/asset_L_HST_POD_Rack_Cell_PROD/t_id_CT_TWNF09_13_RACK13,41,ACTIVE
FT01_E042,FT01,FT_OP01,CT_TWNF09_13_RACK14,OTHER,/World/ProdLine/a_L_HST_POD/t_id_L_HST_POD_Rack_Cell_CELL02/id_L_HST_POD_Rack_Cell_CELL02/L_HST_POD_Rack_Cell/L_HST_POD_Rack_Cell/ASSET_PROD/asset_L_HST_POD_Rack_Cell_PROD/t_id_CT_TWNF09_13_RACK14,42,ACTIVE
FT01_E043,FT01,FT_OP01,CT_TWNF09_13_RACK15,OTHER,/World/ProdLine/a_L_HST_POD/t_id_L_HST_POD_Rack_Cell_CELL02/id_L_HST_POD_Rack_Cell_CELL02/L_HST_POD_Rack_Cell/L_HST_POD_Rack_Cell/ASSET_PROD/asset_L_HST_POD_Rack_Cell_PROD/t_id_CT_TWNF09_13_RACK15,43,ACTIVE
FT01_E044,FT01,FT_OP01,CT_TWNF09_13_RACK16,OTHER,/World/ProdLine/a_L_HST_POD/t_id_L_HST_POD_Rack_Cell_CELL02/id_L_HST_POD_Rack_Cell_CELL02/L_HST_POD_Rack_Cell/L_HST_POD_Rack_Cell/ASSET_PROD/asset_L_HST_POD_Rack_Cell_PROD/t_id_CT_TWNF09_13_RACK16,44,ACTIVE
FT01_E045,FT01,FT_OP01,CT_TWNF09_13_RACK17,OTHER,/World/ProdLine/a_L_HST_POD/t_id_L_HST_POD_Rack_Cell_CELL02/id_L_HST_POD_Rack_Cell_CELL02/L_HST_POD_Rack_Cell/L_HST_POD_Rack_Cell/ASSET_PROD/asset_L_HST_POD_Rack_Cell_PROD/t_id_CT_TWNF09_13_RACK17,45,ACTIVE
FT01_E046,FT01,FT_OP01,CT_TWNF09_13_RACK18,OTHER,/World/ProdLine/a_L_HST_POD/t_id_L_HST_POD_Rack_Cell_CELL02/id_L_HST_POD_Rack_Cell_CELL02/L_HST_POD_Rack_Cell/L_HST_POD_Rack_Cell/ASSET_PROD/asset_L_HST_POD_Rack_Cell_PROD/t_id_CT_TWNF09_13_RACK18,46,ACTIVE
FT01_E047,FT01,FT_OP01,CT_TWNF09_13_RACK19,OTHER,/World/ProdLine/a_L_HST_POD/t_id_L_HST_POD_Rack_Cell_CELL02/id_L_HST_POD_Rack_Cell_CELL02/L_HST_POD_Rack_Cell/L_HST_POD_Rack_Cell/ASSET_PROD/asset_L_HST_POD_Rack_Cell_PROD/t_id_CT_TWNF09_13_RACK19,47,ACTIVE
FT01_E048,FT01,FT_OP01,CT_TWNF09_13_RACK20,OTHER,/World/ProdLine/a_L_HST_POD/t_id_L_HST_POD_Rack_Cell_CELL02/id_L_HST_POD_Rack_Cell_CELL02/L_HST_POD_Rack_Cell/L_HST_POD_Rack_Cell/ASSET_PROD/asset_L_HST_POD_Rack_Cell_PROD/t_id_CT_TWNF09_13_RACK20,48,ACTIVE
FT01_E049,FT01,FT_OP01,CT_TWNF09_13_RACK21,OTHER,/World/ProdLine/a_L_HST_POD/t_id_L_HST_POD_Rack_Cell_CELL02/id_L_HST_POD_Rack_Cell_CELL02/L_HST_POD_Rack_Cell/L_HST_POD_Rack_Cell/ASSET_PROD/asset_L_HST_POD_Rack_Cell_PROD/t_id_CT_TWNF09_13_RACK21,49,ACTIVE
FT01_E050,FT01,FT_OP01,CT_TWNF09_13_RACK22,OTHER,/World/ProdLine/a_L_HST_POD/t_id_L_HST_POD_Rack_Cell_CELL02/id_L_HST_POD_Rack_Cell_CELL02/L_HST_POD_Rack_Cell/L_HST_POD_Rack_Cell/ASSET_PROD/asset_L_HST_POD_Rack_Cell_PROD/t_id_CT_TWNF09_13_RACK22,50,ACTIVE
FT01_E051,FT01,FT_OP01,CT_TWNF09_13_RACK23,OTHER,/World/ProdLine/a_L_HST_POD/t_id_L_HST_POD_Rack_Cell_CELL02/id_L_HST_POD_Rack_Cell_CELL02/L_HST_POD_Rack_Cell/L_HST_POD_Rack_Cell/ASSET_PROD/asset_L_HST_POD_Rack_Cell_PROD/t_id_CT_TWNF09_13_RACK23,51,ACTIVE
FT01_E052,FT01,FT_OP01,CT_TWNF09_13_RACK24,OTHER,/World/ProdLine/a_L_HST_POD/t_id_L_HST_POD_Rack_Cell_CELL02/id_L_HST_POD_Rack_Cell_CELL02/L_HST_POD_Rack_Cell/L_HST_POD_Rack_Cell/ASSET_PROD/asset_L_HST_POD_Rack_Cell_PROD/t_id_CT_TWNF09_13_RACK24,52,ACTIVE
FT01_E053,FT01,FT_OP01,CT_TWNF09_13_RACK25,OTHER,/World/ProdLine/a_L_HST_POD/t_id_L_HST_POD_Rack_Cell_CELL02/id_L_HST_POD_Rack_Cell_CELL02/L_HST_POD_Rack_Cell/L_HST_POD_Rack_Cell/ASSET_PROD/asset_L_HST_POD_Rack_Cell_PROD/t_id_CT_TWNF09_13_RACK25,53,ACTIVE
FT01_E054,FT01,FT_OP01,CT_TWNF09_13_RACK26,OTHER,/World/ProdLine/a_L_HST_POD/t_id_L_HST_POD_Rack_Cell_CELL02/id_L_HST_POD_Rack_Cell_CELL02/L_HST_POD_Rack_Cell/L_HST_POD_Rack_Cell/ASSET_PROD/asset_L_HST_POD_Rack_Cell_PROD/t_id_CT_TWNF09_13_RACK26,54,ACTIVE
FT01_E055,FT01,FT_OP01,CT_TWNF09_13_RACK27,OTHER,/World/ProdLine/a_L_HST_POD/t_id_L_HST_POD_Rack_Cell_CELL02/id_L_HST_POD_Rack_Cell_CELL02/L_HST_POD_Rack_Cell/L_HST_POD_Rack_Cell/ASSET_PROD/asset_L_HST_POD_Rack_Cell_PROD/t_id_CT_TWNF09_13_RACK27,55,ACTIVE
FT01_E056,FT01,FT_OP01,CT_TWNF09_13_RACK28,OTHER,/World/ProdLine/a_L_HST_POD/t_id_L_HST_POD_Rack_Cell_CELL02/id_L_HST_POD_Rack_Cell_CELL02/L_HST_POD_Rack_Cell/L_HST_POD_Rack_Cell/ASSET_PROD/asset_L_HST_POD_Rack_Cell_PROD/t_id_CT_TWNF09_13_RACK28,56,ACTIVE
FT01_E057,FT01,FT_OP01,CT_TWNF09_14B_RGV01,OTHER,/World/ProdLine/a_L_HST_POD/t_id_L_HST_POD01_RGV_B_RGV01/id_L_HST_POD01_RGV_B_RGV01/L_HST_POD01_RGV_B/L_HST_POD01_RGV_B/ASSET_PROD/asset_L_HST_POD01_RGV_B_PROD/t_id_CT_TWNF09_14B_RGV01,57,ACTIVE
FT01_E058,FT01,FT_OP01,CT_TWNF09_14B_RGV02,OTHER,/World/ProdLine/a_L_HST_POD/t_id_L_HST_POD01_RGV_B_RGV01/id_L_HST_POD01_RGV_B_RGV01/L_HST_POD01_RGV_B/L_HST_POD01_RGV_B/ASSET_PROD/asset_L_HST_POD01_RGV_B_PROD/t_id_CT_TWNF09_14B_RGV02,58,ACTIVE
FT01_E059,FT01,FT_OP01,CT_TWNF09_14B_RGV03,OTHER,/World/ProdLine/a_L_HST_POD/t_id_L_HST_POD01_RGV_B_RGV01/id_L_HST_POD01_RGV_B_RGV01/L_HST_POD01_RGV_B/L_HST_POD01_RGV_B/ASSET_PROD/asset_L_HST_POD01_RGV_B_PROD/t_id_CT_TWNF09_14B_RGV03,59,ACTIVE
FT01_E060,FT01,FT_OP01,CT_TWNF09_14B_RGV04,OTHER,/World/ProdLine/a_L_HST_POD/t_id_L_HST_POD01_RGV_B_RGV01/id_L_HST_POD01_RGV_B_RGV01/L_HST_POD01_RGV_B/L_HST_POD01_RGV_B/ASSET_PROD/asset_L_HST_POD01_RGV_B_PROD/t_id_CT_TWNF09_14B_RGV04,60,ACTIVE
FT01_E061,FT01,FT_OP01,CT_TWNF09_14B_RGV05,OTHER,/World/ProdLine/a_L_HST_POD/t_id_L_HST_POD01_RGV_B_RGV01/id_L_HST_POD01_RGV_B_RGV01/L_HST_POD01_RGV_B/L_HST_POD01_RGV_B/ASSET_PROD/asset_L_HST_POD01_RGV_B_PROD/t_id_CT_TWNF09_14B_RGV05,61,ACTIVE
FT01_E062,FT01,FT_OP01,CT_TWNF09_14B_RGV06,OTHER,/World/ProdLine/a_L_HST_POD/t_id_L_HST_POD01_RGV_B_RGV01/id_L_HST_POD01_RGV_B_RGV01/L_HST_POD01_RGV_B/L_HST_POD01_RGV_B/ASSET_PROD/asset_L_HST_POD01_RGV_B_PROD/t_id_CT_TWNF09_14B_RGV06,62,ACTIVE
FT01_E063,FT01,FT_OP01,CT_TWNF09_14B_RGV07,OTHER,/World/ProdLine/a_L_HST_POD/t_id_L_HST_POD01_RGV_B_RGV01/id_L_HST_POD01_RGV_B_RGV01/L_HST_POD01_RGV_B/L_HST_POD01_RGV_B/ASSET_PROD/asset_L_HST_POD01_RGV_B_PROD/t_id_CT_TWNF09_14B_RGV07,63,ACTIVE
FT01_E064,FT01,FT_OP01,CT_TWNF09_14B_RGV08,OTHER,/World/ProdLine/a_L_HST_POD/t_id_L_HST_POD01_RGV_B_RGV01/id_L_HST_POD01_RGV_B_RGV01/L_HST_POD01_RGV_B/L_HST_POD01_RGV_B/ASSET_PROD/asset_L_HST_POD01_RGV_B_PROD/t_id_CT_TWNF09_14B_RGV08,64,ACTIVE
FT01_E065,FT01,FT_OP01,CT_TWNF09_15B_RC09,OTHER,/World/ProdLine/a_L_HST_POD/t_id_L_HST_POD01_RGV_B_RGV01/id_L_HST_POD01_RGV_B_RGV01/L_HST_POD01_RGV_B/L_HST_POD01_RGV_B/ASSET_PROD/asset_L_HST_POD01_RGV_B_PROD/t_id_CT_TWNF09_15B_RC09,65,ACTIVE
FT01_E066,FT01,FT_OP01,CT_TWNF09_15B_RC10,OTHER,/World/ProdLine/a_L_HST_POD/t_id_L_HST_POD01_RGV_B_RGV01/id_L_HST_POD01_RGV_B_RGV01/L_HST_POD01_RGV_B/L_HST_POD01_RGV_B/ASSET_PROD/asset_L_HST_POD01_RGV_B_PROD/t_id_CT_TWNF09_15B_RC10,66,ACTIVE
FT01_E067,FT01,FT_OP01,CT_TWNF09_15B_RC11,OTHER,/World/ProdLine/a_L_HST_POD/t_id_L_HST_POD01_RGV_B_RGV01/id_L_HST_POD01_RGV_B_RGV01/L_HST_POD01_RGV_B/L_HST_POD01_RGV_B/ASSET_PROD/asset_L_HST_POD01_RGV_B_PROD/t_id_CT_TWNF09_15B_RC11,67,ACTIVE
FT01_E068,FT01,FT_OP01,CT_TWNF09_15B_RC12,OTHER,/World/ProdLine/a_L_HST_POD/t_id_L_HST_POD01_RGV_B_RGV01/id_L_HST_POD01_RGV_B_RGV01/L_HST_POD01_RGV_B/L_HST_POD01_RGV_B/ASSET_PROD/asset_L_HST_POD01_RGV_B_PROD/t_id_CT_TWNF09_15B_RC12,68,ACTIVE
FT01_E069,FT01,FT_OP01,CT_TWNF09_15B_RC13,OTHER,/World/ProdLine/a_L_HST_POD/t_id_L_HST_POD01_RGV_B_RGV01/id_L_HST_POD01_RGV_B_RGV01/L_HST_POD01_RGV_B/L_HST_POD01_RGV_B/ASSET_PROD/asset_L_HST_POD01_RGV_B_PROD/t_id_CT_TWNF09_15B_RC13,69,ACTIVE
FT01_E070,FT01,FT_OP01,CT_TWNF09_15B_RC14,OTHER,/World/ProdLine/a_L_HST_POD/t_id_L_HST_POD01_RGV_B_RGV01/id_L_HST_POD01_RGV_B_RGV01/L_HST_POD01_RGV_B/L_HST_POD01_RGV_B/ASSET_PROD/asset_L_HST_POD01_RGV_B_PROD/t_id_CT_TWNF09_15B_RC14,70,ACTIVE
FT01_E071,FT01,FT_OP01,CT_TWNF09_15B_RC15,OTHER,/World/ProdLine/a_L_HST_POD/t_id_L_HST_POD01_RGV_B_RGV01/id_L_HST_POD01_RGV_B_RGV01/L_HST_POD01_RGV_B/L_HST_POD01_RGV_B/ASSET_PROD/asset_L_HST_POD01_RGV_B_PROD/t_id_CT_TWNF09_15B_RC15,71,ACTIVE
FT01_E072,FT01,FT_OP01,CT_TWNF09_15B_RC16,OTHER,/World/ProdLine/a_L_HST_POD/t_id_L_HST_POD01_RGV_B_RGV01/id_L_HST_POD01_RGV_B_RGV01/L_HST_POD01_RGV_B/L_HST_POD01_RGV_B/ASSET_PROD/asset_L_HST_POD01_RGV_B_PROD/t_id_CT_TWNF09_15B_RC16,72,ACTIVE
TrayDisAssy01_E001,TrayDisAssy01,TrayDisAssy_OP01,CT_SORTROLLER_RL01,OTHER,/World/ProdLine/a_L_HST_SORTING/t_id_L_HST_SORTING_SL01/id_L_HST_SORTING_SL01/L_HST_SORTING/L_HST_SORTING/ASSET_PROD/asset_L_HST_SORTING_PROD/t_id_CT_SORTROLLER_RL01,1,ACTIVE
TrayDisAssy01_E002,TrayDisAssy01,TrayDisAssy_OP01,CT_HBNCZMLD_LD01,ROBOT,/World/ProdLine/a_L_HST_SORTING/t_id_L_HST_SORTING_SL01/id_L_HST_SORTING_SL01/L_HST_SORTING/L_HST_SORTING/ASSET_PROD/asset_L_HST_SORTING_PROD/t_id_CT_HBNCZMLD_LD01,2,ACTIVE
TrayDisAssy01_E003,TrayDisAssy01,TrayDisAssy_OP01,CT_SORTCV_CV01,OTHER,/World/ProdLine/a_L_HST_SORTING/t_id_L_HST_SORTING_SL01/id_L_HST_SORTING_SL01/L_HST_SORTING/L_HST_SORTING/ASSET_PROD/asset_L_HST_SORTING_PROD/t_id_CT_SORTCV_CV01,3,ACTIVE
TrayDisAssy01_E004,TrayDisAssy01,TrayDisAssy_OP01,CT_SORTCV_CV02,OTHER,/World/ProdLine/a_L_HST_SORTING/t_id_L_HST_SORTING_SL01/id_L_HST_SORTING_SL01/L_HST_SORTING/L_HST_SORTING/ASSET_PROD/asset_L_HST_SORTING_PROD/t_id_CT_SORTCV_CV02,4,ACTIVE
TrayDisAssy01_E005,TrayDisAssy01,TrayDisAssy_OP01,CT_SORTCV_CV03,OTHER,/World/ProdLine/a_L_HST_SORTING/t_id_L_HST_SORTING_SL01/id_L_HST_SORTING_SL01/L_HST_SORTING/L_HST_SORTING/ASSET_PROD/asset_L_HST_SORTING_PROD/t_id_CT_SORTCV_CV03,5,ACTIVE
TrayDisAssy01_E006,TrayDisAssy01,TrayDisAssy_OP01,CT_SORTCV_CV04,OTHER,/World/ProdLine/a_L_HST_SORTING/t_id_L_HST_SORTING_SL01/id_L_HST_SORTING_SL01/L_HST_SORTING/L_HST_SORTING/ASSET_PROD/asset_L_HST_SORTING_PROD/t_id_CT_SORTCV_CV04,6,ACTIVE
TrayDisAssy01_E007,TrayDisAssy01,TrayDisAssy_OP01,CT_SORTCV_CV05,OTHER,/World/ProdLine/a_L_HST_SORTING/t_id_L_HST_SORTING_SL01/id_L_HST_SORTING_SL01/L_HST_SORTING/L_HST_SORTING/ASSET_PROD/asset_L_HST_SORTING_PROD/t_id_CT_SORTCV_CV05,7,ACTIVE
TrayDisAssy01_E008,TrayDisAssy01,TrayDisAssy_OP01,CT_SORTCV_CV06,OTHER,/World/ProdLine/a_L_HST_SORTING/t_id_L_HST_SORTING_SL01/id_L_HST_SORTING_SL01/L_HST_SORTING/L_HST_SORTING/ASSET_PROD/asset_L_HST_SORTING_PROD/t_id_CT_SORTCV_CV06,8,ACTIVE
TrayDisAssy01_E009,TrayDisAssy01,TrayDisAssy_OP01,CT_SORTCV_CV07,OTHER,/World/ProdLine/a_L_HST_SORTING/t_id_L_HST_SORTING_SL01/id_L_HST_SORTING_SL01/L_HST_SORTING/L_HST_SORTING/ASSET_PROD/asset_L_HST_SORTING_PROD/t_id_CT_SORTCV_CV07,9,ACTIVE
TrayDisAssy01_E010,TrayDisAssy01,TrayDisAssy_OP02,CT_SORTRT_RT01,OTHER,/World/ProdLine/a_L_HST_SORTING/t_id_L_HST_SORTING_SL01/id_L_HST_SORTING_SL01/L_HST_SORTING/L_HST_SORTING/ASSET_PROD/asset_L_HST_SORTING_PROD/t_id_CT_SORTRT_RT01,1,ACTIVE
TrayDisAssy01_E011,TrayDisAssy01,TrayDisAssy_OP02,CT_SORTCV_CV08,OTHER,/World/ProdLine/a_L_HST_SORTING/t_id_L_HST_SORTING_SL01/id_L_HST_SORTING_SL01/L_HST_SORTING/L_HST_SORTING/ASSET_PROD/asset_L_HST_SORTING_PROD/t_id_CT_SORTCV_CV08,2,ACTIVE
TrayDisAssy01_E012,TrayDisAssy01,TrayDisAssy_OP02,CT_HBNCZMLD_LD02,ROBOT,/World/ProdLine/a_L_HST_SORTING/t_id_L_HST_SORTING_SL01/id_L_HST_SORTING_SL01/L_HST_SORTING/L_HST_SORTING/ASSET_PROD/asset_L_HST_SORTING_PROD/t_id_CT_HBNCZMLD_LD02,3,ACTIVE
TrayDisAssy01_E013,TrayDisAssy01,TrayDisAssy_OP02,CT_SORTROLLER_RL02,OTHER,/World/ProdLine/a_L_HST_SORTING/t_id_L_HST_SORTING_SL01/id_L_HST_SORTING_SL01/L_HST_SORTING/L_HST_SORTING/ASSET_PROD/asset_L_HST_SORTING_PROD/t_id_CT_SORTROLLER_RL02,4,ACTIVE
TrayDisAssy01_E014,TrayDisAssy01,TrayDisAssy_OP02,CT_SORTTABLE_TB01,OTHER,/World/ProdLine/a_L_HST_SORTING/t_id_L_HST_SORTING_SL01/id_L_HST_SORTING_SL01/L_HST_SORTING/L_HST_SORTING/ASSET_PROD/asset_L_HST_SORTING_PROD/t_id_CT_SORTTABLE_TB01,5,ACTIVE
TrayDisAssy01_E015,TrayDisAssy01,TrayDisAssy_OP02,CT_SORTTABLE_TB02,OTHER,/World/ProdLine/a_L_HST_SORTING/t_id_L_HST_SORTING_SL01/id_L_HST_SORTING_SL01/L_HST_SORTING/L_HST_SORTING/ASSET_PROD/asset_L_HST_SORTING_PROD/t_id_CT_SORTTABLE_TB02,6,ACTIVE
TrayDisAssy01_E016,TrayDisAssy01,TrayDisAssy_OP02,CT_SORTTABLE_TB03,OTHER,/World/ProdLine/a_L_HST_SORTING/t_id_L_HST_SORTING_SL01/id_L_HST_SORTING_SL01/L_HST_SORTING/L_HST_SORTING/ASSET_PROD/asset_L_HST_SORTING_PROD/t_id_CT_SORTTABLE_TB03,7,ACTIVE
TrayDisAssy01_E017,TrayDisAssy01,TrayDisAssy_OP02,CT_SORTTABLE_TB04,OTHER,/World/ProdLine/a_L_HST_SORTING/t_id_L_HST_SORTING_SL01/id_L_HST_SORTING_SL01/L_HST_SORTING/L_HST_SORTING/ASSET_PROD/asset_L_HST_SORTING_PROD/t_id_CT_SORTTABLE_TB04,8,ACTIVE
TrayDisAssy01_E018,TrayDisAssy01,TrayDisAssy_OP02,CT_SORTTABLE_TB05,OTHER,/World/ProdLine/a_L_HST_SORTING/t_id_L_HST_SORTING_SL01/id_L_HST_SORTING_SL01/L_HST_SORTING/L_HST_SORTING/ASSET_PROD/asset_L_HST_SORTING_PROD/t_id_CT_SORTTABLE_TB05,9,ACTIVE
TrayDisAssy01_E019,TrayDisAssy01,TrayDisAssy_OP03,CT_SORTROLLB_RL03,OTHER,/World/ProdLine/a_L_HST_SORTING/t_id_L_HST_SORTING_SL01/id_L_HST_SORTING_SL01/L_HST_SORTING/L_HST_SORTING/ASSET_PROD/asset_L_HST_SORTING_PROD/t_id_CT_SORTROLLB_RL03,1,ACTIVE
TrayDisAssy01_E020,TrayDisAssy01,TrayDisAssy_OP03,CT_HBNCZMLD_LD03,ROBOT,/World/ProdLine/a_L_HST_SORTING/t_id_L_HST_SORTING_SL01/id_L_HST_SORTING_SL01/L_HST_SORTING/L_HST_SORTING/ASSET_PROD/asset_L_HST_SORTING_PROD/t_id_CT_HBNCZMLD_LD03,2,ACTIVE
TrayDisAssy01_E021,TrayDisAssy01,TrayDisAssy_OP03,CT_SORTROLLER_RL04,OTHER,/World/ProdLine/a_L_HST_SORTING/t_id_L_HST_SORTING_SL01/id_L_HST_SORTING_SL01/L_HST_SORTING/L_HST_SORTING/ASSET_PROD/asset_L_HST_SORTING_PROD/t_id_CT_SORTROLLER_RL04,3,ACTIVE
TrayDisAssy01_E022,TrayDisAssy01,TrayDisAssy_OP03,CT_SORTTABLE_TB06,OTHER,/World/ProdLine/a_L_HST_SORTING/t_id_L_HST_SORTING_SL01/id_L_HST_SORTING_SL01/L_HST_SORTING/L_HST_SORTING/ASSET_PROD/asset_L_HST_SORTING_PROD/t_id_CT_SORTTABLE_TB06,4,ACTIVE
TrayDisAssy01_E023,TrayDisAssy01,TrayDisAssy_OP03,CT_SORTTABLE_TB07,OTHER,/World/ProdLine/a_L_HST_SORTING/t_id_L_HST_SORTING_SL01/id_L_HST_SORTING_SL01/L_HST_SORTING/L_HST_SORTING/ASSET_PROD/asset_L_HST_SORTING_PROD/t_id_CT_SORTTABLE_TB07,5,ACTIVE
TrayDisAssy01_E024,TrayDisAssy01,TrayDisAssy_OP03,CT_SORTTABLE_TB08,OTHER,/World/ProdLine/a_L_HST_SORTING/t_id_L_HST_SORTING_SL01/id_L_HST_SORTING_SL01/L_HST_SORTING/L_HST_SORTING/ASSET_PROD/asset_L_HST_SORTING_PROD/t_id_CT_SORTTABLE_TB08,6,ACTIVE
TrayDisAssy01_E025,TrayDisAssy01,TrayDisAssy_OP03,CT_SORTTABLE_TB09,OTHER,/World/ProdLine/a_L_HST_SORTING/t_id_L_HST_SORTING_SL01/id_L_HST_SORTING_SL01/L_HST_SORTING/L_HST_SORTING/ASSET_PROD/asset_L_HST_SORTING_PROD/t_id_CT_SORTTABLE_TB09,7,ACTIVE
TrayDisAssy01_E026,TrayDisAssy01,TrayDisAssy_OP03,CT_SORTTABLE_TB10,OTHER,/World/ProdLine/a_L_HST_SORTING/t_id_L_HST_SORTING_SL01/id_L_HST_SORTING_SL01/L_HST_SORTING/L_HST_SORTING/ASSET_PROD/asset_L_HST_SORTING_PROD/t_id_CT_SORTTABLE_TB10,8,ACTIVE
CPDisAssy01_E001,CPDisAssy01,CPDisAssy_OP01,CT_HOUCCSTC_TR01,OTHER,/World/ProdLine/a_L_HST_Dis_Assy_Sub/t_id_L_HST_Dis_Assy_Sub_DA01/id_L_HST_Dis_Assy_Sub_DA01/L_HST_Dis_Assy_Sub/L_HST_Dis_Assy_Sub/ASSET_PROD/asset_L_HST_Dis_Assy_Sub_PROD/t_id_CT_HOUCCSTC_TR01,1,ACTIVE
CPDisAssy01_E002,CPDisAssy01,CPDisAssy_OP01,CT_HOUCCSLD_LD01,ROBOT,/World/ProdLine/a_L_HST_Dis_Assy_Sub/t_id_L_HST_Dis_Assy_Sub_DA01/id_L_HST_Dis_Assy_Sub_DA01/L_HST_Dis_Assy_Sub/L_HST_Dis_Assy_Sub/ASSET_PROD/asset_L_HST_Dis_Assy_Sub_PROD/t_id_CT_HOUCCSLD_LD01,2,ACTIVE
CPDisAssy01_E003,CPDisAssy01,CPDisAssy_OP01,CT_HOUCCSYZ_1_LD02,ROBOT,/World/ProdLine/a_L_HST_Dis_Assy_Sub/t_id_L_HST_Dis_Assy_Sub_DA01/id_L_HST_Dis_Assy_Sub_DA01/L_HST_Dis_Assy_Sub/L_HST_Dis_Assy_Sub/ASSET_PROD/asset_L_HST_Dis_Assy_Sub_PROD/t_id_CT_HOUCCSYZ_1_LD02,3,ACTIVE
CPDisAssy01_E004,CPDisAssy01,CPDisAssy_OP01,CT_HOUCCSSLYZ_IP01,OTHER,/World/ProdLine/a_L_HST_Dis_Assy_Sub/t_id_L_HST_Dis_Assy_Sub_DA01/id_L_HST_Dis_Assy_Sub_DA01/L_HST_Dis_Assy_Sub/L_HST_Dis_Assy_Sub/ASSET_PROD/asset_L_HST_Dis_Assy_Sub_PROD/t_id_CT_HOUCCSSLYZ_IP01,4,ACTIVE
CPDisAssy01_E005,CPDisAssy01,CPDisAssy_OP02,CT_HOUCCSHMF_FA01,OTHER,/World/ProdLine/a_L_HST_Dis_Assy_Sub/t_id_L_HST_Dis_Assy_Sub_DA01/id_L_HST_Dis_Assy_Sub_DA01/L_HST_Dis_Assy_Sub/L_HST_Dis_Assy_Sub/ASSET_PROD/asset_L_HST_Dis_Assy_Sub_PROD/t_id_CT_HOUCCSHMF_FA01,1,ACTIVE
CPDisAssy01_E006,CPDisAssy01,CPDisAssy_OP02,CT_HOUCCSCPSC_PSC01,OTHER,/World/ProdLine/a_L_HST_Dis_Assy_Sub/t_id_L_HST_Dis_Assy_Sub_DA01/id_L_HST_Dis_Assy_Sub_DA01/L_HST_Dis_Assy_Sub/L_HST_Dis_Assy_Sub/ASSET_PROD/asset_L_HST_Dis_Assy_Sub_PROD/t_id_CT_HOUCCSCPSC_PSC01,2,ACTIVE
CPDisAssy01_E007,CPDisAssy01,CPDisAssy_OP02,CT_HOUCCSCPSC_PSC02,OTHER,/World/ProdLine/a_L_HST_Dis_Assy_Sub/t_id_L_HST_Dis_Assy_Sub_DA01/id_L_HST_Dis_Assy_Sub_DA01/L_HST_Dis_Assy_Sub/L_HST_Dis_Assy_Sub/ASSET_PROD/asset_L_HST_Dis_Assy_Sub_PROD/t_id_CT_HOUCCSCPSC_PSC02,3,ACTIVE
CPDisAssy01_E008,CPDisAssy01,CPDisAssy_OP02,CT_HOUCCSCPSC_PSC03,OTHER,/World/ProdLine/a_L_HST_Dis_Assy_Sub/t_id_L_HST_Dis_Assy_Sub_DA01/id_L_HST_Dis_Assy_Sub_DA01/L_HST_Dis_Assy_Sub/L_HST_Dis_Assy_Sub/ASSET_PROD/asset_L_HST_Dis_Assy_Sub_PROD/t_id_CT_HOUCCSCPSC_PSC03,4,ACTIVE
CPDisAssy01_E009,CPDisAssy01,CPDisAssy_OP03,CT_HOUCCSHMF_FA02,OTHER,/World/ProdLine/a_L_HST_Dis_Assy_Sub/t_id_L_HST_Dis_Assy_Sub_DA01/id_L_HST_Dis_Assy_Sub_DA01/L_HST_Dis_Assy_Sub/L_HST_Dis_Assy_Sub/ASSET_PROD/asset_L_HST_Dis_Assy_Sub_PROD/t_id_CT_HOUCCSHMF_FA02,1,ACTIVE
CPDisAssy01_E010,CPDisAssy01,CPDisAssy_OP03,CT_HOUCCSCP_SCP01,OTHER,/World/ProdLine/a_L_HST_Dis_Assy_Sub/t_id_L_HST_Dis_Assy_Sub_DA01/id_L_HST_Dis_Assy_Sub_DA01/L_HST_Dis_Assy_Sub/L_HST_Dis_Assy_Sub/ASSET_PROD/asset_L_HST_Dis_Assy_Sub_PROD/t_id_CT_HOUCCSCP_SCP01,2,ACTIVE
CPDisAssy01_E011,CPDisAssy01,CPDisAssy_OP03,CT_HOUCCSIOBSC_BSC01,OTHER,/World/ProdLine/a_L_HST_Dis_Assy_Sub/t_id_L_HST_Dis_Assy_Sub_DA01/id_L_HST_Dis_Assy_Sub_DA01/L_HST_Dis_Assy_Sub/L_HST_Dis_Assy_Sub/ASSET_PROD/asset_L_HST_Dis_Assy_Sub_PROD/t_id_CT_HOUCCSIOBSC_BSC01,3,ACTIVE
CPDisAssy01_E012,CPDisAssy01,CPDisAssy_OP03,CT_HOUCCSHMF_FA03,OTHER,/World/ProdLine/a_L_HST_Dis_Assy_Sub/t_id_L_HST_Dis_Assy_Sub_DA01/id_L_HST_Dis_Assy_Sub_DA01/L_HST_Dis_Assy_Sub/L_HST_Dis_Assy_Sub/ASSET_PROD/asset_L_HST_Dis_Assy_Sub_PROD/t_id_CT_HOUCCSHMF_FA03,4,ACTIVE
CPDisAssy01_E013,CPDisAssy01,CPDisAssy_OP04,CT_HOUCCSCX8_SCX801,OTHER,/World/ProdLine/a_L_HST_Dis_Assy_Sub/t_id_L_HST_Dis_Assy_Sub_DA01/id_L_HST_Dis_Assy_Sub_DA01/L_HST_Dis_Assy_Sub/L_HST_Dis_Assy_Sub/ASSET_PROD/asset_L_HST_Dis_Assy_Sub_PROD/t_id_CT_HOUCCSCX8_SCX801,1,ACTIVE
CPDisAssy01_E014,CPDisAssy01,CPDisAssy_OP04,CT_HOUCCSPCBSC_BSC02,OTHER,/World/ProdLine/a_L_HST_Dis_Assy_Sub/t_id_L_HST_Dis_Assy_Sub_DA01/id_L_HST_Dis_Assy_Sub_DA01/L_HST_Dis_Assy_Sub/L_HST_Dis_Assy_Sub/ASSET_PROD/asset_L_HST_Dis_Assy_Sub_PROD/t_id_CT_HOUCCSPCBSC_BSC02,2,ACTIVE
CPDisAssy01_E015,CPDisAssy01,CPDisAssy_OP04,CT_HOUCCSHMF_FA04,OTHER,/World/ProdLine/a_L_HST_Dis_Assy_Sub/t_id_L_HST_Dis_Assy_Sub_DA01/id_L_HST_Dis_Assy_Sub_DA01/L_HST_Dis_Assy_Sub/L_HST_Dis_Assy_Sub/ASSET_PROD/asset_L_HST_Dis_Assy_Sub_PROD/t_id_CT_HOUCCSHMF_FA04,3,ACTIVE
CPDisAssy01_E016,CPDisAssy01,CPDisAssy_OP04,CT_HOUCCSSBP_SBP01,OTHER,/World/ProdLine/a_L_HST_Dis_Assy_Sub/t_id_L_HST_Dis_Assy_Sub_DA01/id_L_HST_Dis_Assy_Sub_DA01/L_HST_Dis_Assy_Sub/L_HST_Dis_Assy_Sub/ASSET_PROD/asset_L_HST_Dis_Assy_Sub_PROD/t_id_CT_HOUCCSSBP_SBP01,4,ACTIVE
CPDisAssy01_E017,CPDisAssy01,CPDisAssy_OP05,CT_HOUCCSYZ_2_UL01,OTHER,/World/ProdLine/a_L_HST_Dis_Assy_Sub/t_id_L_HST_Dis_Assy_Sub_DA01/id_L_HST_Dis_Assy_Sub_DA01/L_HST_Dis_Assy_Sub/L_HST_Dis_Assy_Sub/ASSET_PROD/asset_L_HST_Dis_Assy_Sub_PROD/t_id_CT_HOUCCSYZ_2_UL01,1,ACTIVE
CPDisAssy01_E018,CPDisAssy01,CPDisAssy_OP05,CT_HOUCCSPSL_MLD01,ROBOT,/World/ProdLine/a_L_HST_Dis_Assy_Sub/t_id_L_HST_Dis_Assy_Sub_DA01/id_L_HST_Dis_Assy_Sub_DA01/L_HST_Dis_Assy_Sub/L_HST_Dis_Assy_Sub/ASSET_PROD/asset_L_HST_Dis_Assy_Sub_PROD/t_id_CT_HOUCCSPSL_MLD01,2,ACTIVE
CPDisAssy01_E019,CPDisAssy01,CPDisAssy_OP05,CT_HOUCCSPSL_MLD02,ROBOT,/World/ProdLine/a_L_HST_Dis_Assy_Sub/t_id_L_HST_Dis_Assy_Sub_DA01/id_L_HST_Dis_Assy_Sub_DA01/L_HST_Dis_Assy_Sub/L_HST_Dis_Assy_Sub/ASSET_PROD/asset_L_HST_Dis_Assy_Sub_PROD/t_id_CT_HOUCCSPSL_MLD02,3,ACTIVE
CPDisAssy01_E020,CPDisAssy01,CPDisAssy_OP05,CT_HOUCCSPSL_MLD03,ROBOT,/World/ProdLine/a_L_HST_Dis_Assy_Sub/t_id_L_HST_Dis_Assy_Sub_DA01/id_L_HST_Dis_Assy_Sub_DA01/L_HST_Dis_Assy_Sub/L_HST_Dis_Assy_Sub/ASSET_PROD/asset_L_HST_Dis_Assy_Sub_PROD/t_id_CT_HOUCCSPSL_MLD03,4,ACTIVE
Packing01_E001,Packing01,Packing_OP01,CT_HST_Pack_Trolley_TR01,OTHER,/World/ProdLine/a_L_HST_PACK/t_id_L_HST_PACK_PACK01/id_L_HST_PACK_PACK01/L_HST_PACK/L_HST_PACK/ASSET_PROD/asset_L_HST_PACK_PROD/t_id_CT_HST_Pack_Trolley_TR01,1,ACTIVE
Packing01_E002,Packing01,Packing_OP01,CT_HOPBLSJ_LD01,ROBOT,/World/ProdLine/a_L_HST_PACK/t_id_L_HST_PACK_PACK01/id_L_HST_PACK_PACK01/L_HST_PACK/L_HST_PACK/ASSET_PROD/asset_L_HST_PACK_PROD/t_id_CT_HOPBLSJ_LD01,2,ACTIVE
Packing01_E003,Packing01,Packing_OP02,CT_HOPBYZ_CV01,OTHER,/World/ProdLine/a_L_HST_PACK/t_id_L_HST_PACK_PACK01/id_L_HST_PACK_PACK01/L_HST_PACK/L_HST_PACK/ASSET_PROD/asset_L_HST_PACK_PROD/t_id_CT_HOPBYZ_CV01,1,ACTIVE
Packing01_E004,Packing01,Packing_OP02,CT_HOPBHM_A_HM01,OTHER,/World/ProdLine/a_L_HST_PACK/t_id_L_HST_PACK_PACK01/id_L_HST_PACK_PACK01/L_HST_PACK/L_HST_PACK/ASSET_PROD/asset_L_HST_PACK_PROD/t_id_CT_HOPBHM_A_HM01,2,ACTIVE
Packing01_E005,Packing01,Packing_OP03,TR7700L_QH_SII_AOI01,AOI,/World/ProdLine/a_L_HST_PACK/t_id_L_HST_PACK_PACK01/id_L_HST_PACK_PACK01/L_HST_PACK/L_HST_PACK/ASSET_PROD/asset_L_HST_PACK_PROD/t_id_TR7700L_QH_SII_AOI01,1,ACTIVE
Packing01_E006,Packing01,Packing_OP03,CT_HOPBHM_A_HM02,OTHER,/World/ProdLine/a_L_HST_PACK/t_id_L_HST_PACK_PACK01/id_L_HST_PACK_PACK01/L_HST_PACK/L_HST_PACK/ASSET_PROD/asset_L_HST_PACK_PROD/t_id_CT_HOPBHM_A_HM02,2,ACTIVE
Packing01_E007,Packing01,Packing_OP04,CT_HOPBCRO_CV02,OTHER,/World/ProdLine/a_L_HST_PACK/t_id_L_HST_PACK_PACK01/id_L_HST_PACK_PACK01/L_HST_PACK/L_HST_PACK/ASSET_PROD/asset_L_HST_PACK_PROD/t_id_CT_HOPBCRO_CV02,1,ACTIVE
Packing01_E008,Packing01,Packing_OP04,CT_HOPBHM_B_HM03,OTHER,/World/ProdLine/a_L_HST_PACK/t_id_L_HST_PACK_PACK01/id_L_HST_PACK_PACK01/L_HST_PACK/L_HST_PACK/ASSET_PROD/asset_L_HST_PACK_PROD/t_id_CT_HOPBHM_B_HM03,2,ACTIVE
Packing01_E009,Packing01,Packing_OP05,CT_HOPBHM_B_HM04,OTHER,/World/ProdLine/a_L_HST_PACK/t_id_L_HST_PACK_PACK01/id_L_HST_PACK_PACK01/L_HST_PACK/L_HST_PACK/ASSET_PROD/asset_L_HST_PACK_PROD/t_id_CT_HOPBHM_B_HM04,1,ACTIVE
Packing01_E010,Packing01,Packing_OP05,CT_HOPBAOI_AOI02,AOI,/World/ProdLine/a_L_HST_PACK/t_id_L_HST_PACK_PACK01/id_L_HST_PACK_PACK01/L_HST_PACK/L_HST_PACK/ASSET_PROD/asset_L_HST_PACK_PROD/t_id_CT_HOPBAOI_AOI02,2,ACTIVE
Packing01_E011,Packing01,Packing_OP06,CT_HOPBHM_C_HM05,OTHER,/World/ProdLine/a_L_HST_PACK/t_id_L_HST_PACK_PACK01/id_L_HST_PACK_PACK01/L_HST_PACK/L_HST_PACK/ASSET_PROD/asset_L_HST_PACK_PROD/t_id_CT_HOPBHM_C_HM05,1,ACTIVE
Packing01_E012,Packing01,Packing_OP06,CT_HOPBHM_C_HM06,OTHER,/World/ProdLine/a_L_HST_PACK/t_id_L_HST_PACK_PACK01/id_L_HST_PACK_PACK01/L_HST_PACK/L_HST_PACK/ASSET_PROD/asset_L_HST_PACK_PROD/t_id_CT_HOPBHM_C_HM06,2,ACTIVE
Packing01_E013,Packing01,Packing_OP07,CT_HOPBFWX1_X01,OTHER,/World/ProdLine/a_L_HST_PACK/t_id_L_HST_PACK_PACK01/id_L_HST_PACK_PACK01/L_HST_PACK/L_HST_PACK/ASSET_PROD/asset_L_HST_PACK_PROD/t_id_CT_HOPBFWX1_X01,1,ACTIVE
Packing01_E014,Packing01,Packing_OP07,CT_HOPBWST_W01,OTHER,/World/ProdLine/a_L_HST_PACK/t_id_L_HST_PACK_PACK01/id_L_HST_PACK_PACK01/L_HST_PACK/L_HST_PACK/ASSET_PROD/asset_L_HST_PACK_PROD/t_id_CT_HOPBWST_W01,2,ACTIVE
Packing01_E015,Packing01,Packing_OP08,CT_HOPBFWX2_X02,OTHER,/World/ProdLine/a_L_HST_PACK/t_id_L_HST_PACK_PACK01/id_L_HST_PACK_PACK01/L_HST_PACK/L_HST_PACK/ASSET_PROD/asset_L_HST_PACK_PROD/t_id_CT_HOPBFWX2_X02,1,ACTIVE
Packing01_E016,Packing01,Packing_OP08,CT_HOPBFKB_LB01,OTHER,/World/ProdLine/a_L_HST_PACK/t_id_L_HST_PACK_PACK01/id_L_HST_PACK_PACK01/L_HST_PACK/L_HST_PACK/ASSET_PROD/asset_L_HST_PACK_PROD/t_id_CT_HOPBFKB_LB01,2,ACTIVE
Packing01_E017,Packing01,Packing_OP09,CT_HOPBMD_MD01,ROBOT,/World/ProdLine/a_L_HST_PACK/t_id_L_HST_PACK_PACK01/id_L_HST_PACK_PACK01/L_HST_PACK/L_HST_PACK/ASSET_PROD/asset_L_HST_PACK_PROD/t_id_CT_HOPBMD_MD01,1,ACTIVE
Packing01_E018,Packing01,Packing_OP09,CT_HOPBYZ_CV03,OTHER,/World/ProdLine/a_L_HST_PACK/t_id_L_HST_PACK_PACK01/id_L_HST_PACK_PACK01/L_HST_PACK/L_HST_PACK/ASSET_PROD/asset_L_HST_PACK_PROD/t_id_CT_HOPBYZ_CV03,2,ACTIVE
Packing01_E019,Packing01,Packing_OP10,CT_HOPBLSJ_LD02,ROBOT,/World/ProdLine/a_L_HST_PACK/t_id_L_HST_PACK_PACK01/id_L_HST_PACK_PACK01/L_HST_PACK/L_HST_PACK/ASSET_PROD/asset_L_HST_PACK_PROD/t_id_CT_HOPBLSJ_LD02,1,ACTIVE
Packing01_E020,Packing01,Packing_OP10,CT_HST_Pack_Trolley_TR02,OTHER,/World/ProdLine/a_L_HST_PACK/t_id_L_HST_PACK_PACK01/id_L_HST_PACK_PACK01/L_HST_PACK/L_HST_PACK/ASSET_PROD/asset_L_HST_PACK_PROD/t_id_CT_HST_Pack_Trolley_TR02,2,ACTIVE
