id,category_id,manufacturer,asset_type,brand,bucket_name,root_usd_path,location_path,thumbnail_path,specifications,created_at,updated_at,status,is_deleted,category,model,format,poly_count,prim_path,instance_path,width,depth,height,asset_version_id,version_tag,is_current,remark,created_by
00228538-b946-474c-a8d1-115305ad773b,1b925fcf-d0f8-4892-a7b7-df4459f457ed,,,,ov-usd-bucket,Library/Asset/Machine/CT_HBNCZSIOBSC/CT_HBNCZSIOBSC.usd,Library/Asset/Machine,thumbnails/default_equipment_thumbnail_picture.png,,2026-05-19 07:55:27.855028+00,2026-05-19 07:55:27.855028+00,ACTIVE,f,,,,,,,,,,00228538-b946-474c-a8d1-115305ad773b,v1.0,t,,
01c6dec0-b409-46be-b683-c6a9294ad9cb,fa27333a-9be9-4cb5-bfbc-3d9c2c5d1266,,,,ov-usd-bucket,Library/Asset/MBD_PACK/roll_01/roll_01.usd,Library/Asset/MBD_PACK,thumbnails/20260516-Snipaste_2026-05-16_12-39-28.png,,2026-05-06 06:50:11.27645+00,2026-05-21 09:26:42.97166+00,ACTIVE,f,,,,,,,,,,01c6dec0-b409-46be-b683-c6a9294ad9cb,v1.0,t,,
01d17246-4188-47d6-ab4c-faedad2b6dcf,d374407f-17eb-43bc-ad53-cc9e17dbe830,,,,ov-usd-bucket,Library/Asset/HST_PACK/CT_HOPBHM_C/CT_HOPBHM_C.usd,Library/Asset/HST_PACK,thumbnails/default_equipment_thumbnail_picture.png,,2026-05-19 06:51:59.123683+00,2026-05-19 06:51:59.123683+00,ACTIVE,f,,,,,,,,,,01d17246-4188-47d6-ab4c-faedad2b6dcf,v1.0,t,,
058fe39d-50bc-4f38-ae0f-ddb6fa80153a,c9838014-ebea-4165-9366-57734c60682c,,,,ov-usd-bucket,Library/Asset/MBD_VN/E01_6S_SEMIFINISHED_PRODUCTCSMTray003/E01_6S_SEMIFINISHED_PRODUCTCSMTray003.usd,Library/Asset/MBD_VN,thumbnails/default_equipment_thumbnail_picture.png,,2026-05-06 06:58:42.47232+00,2026-05-06 06:58:42.47232+00,ACTIVE,f,,,,,,,,,,058fe39d-50bc-4f38-ae0f-ddb6fa80153a,v1.0,t,,
05c5d849-0fdd-48c1-a48c-e4f4564700dc,fe6fd6bf-bb01-4a9e-8a21-8c5ea99b0d79,,,,ov-usd-bucket,Library/Asset/Machine/CT_HCM548BS18/CT_HCM548BS18.usd,Library/Asset/Machine,thumbnails/default_equipment_thumbnail_picture.png,,2026-05-19 07:55:27.855028+00,2026-05-19 07:55:27.855028+00,ACTIVE,f,,,,,,,,,,05c5d849-0fdd-48c1-a48c-e4f4564700dc,v1.0,t,,
05d77657-2d98-41de-a28a-0820a69b29d4,55592ab2-a0af-420e-a712-b17fc0050aba,,,,ov-usd-bucket,Library/Asset/Machine/YWD_550/YWD_550.usd,Library/Asset/Machine,thumbnails/default_equipment_thumbnail_picture.png,,2026-05-19 07:55:27.855028+00,2026-05-19 07:55:27.855028+00,ACTIVE,f,,,,,,,,,,05d77657-2d98-41de-a28a-0820a69b29d4,v1.0,t,,
06424b96-ea92-4d05-94ba-acba9ba5d28e,bba2a0ca-8842-40bb-839d-1ffe74b1f27f,,,,ov-usd-bucket,Library/Asset/HST_Dis_Assy_Sub/CT_HOUCCSYZ_2/CT_HOUCCSYZ_2.usd,Library/Asset/HST_Dis_Assy_Sub,thumbnails/default_equipment_thumbnail_picture.png,,2026-05-19 06:54:38.469855+00,2026-05-19 06:54:38.469855+00,ACTIVE,f,,,,,,,,,,06424b96-ea92-4d05-94ba-acba9ba5d28e,v1.0,t,,
06aaf9aa-57e7-4f8d-b273-4aead63ae0e7,e4d6881c-e696-4289-8e25-52431940dc8e,,,,ov-usd-bucket,Library/Asset/Machine/CT_HOUM548BS/CT_HOUM548BS.usd,Library/Asset/Machine,thumbnails/default_equipment_thumbnail_picture.png,,2026-05-19 07:55:27.855028+00,2026-05-19 07:55:27.855028+00,ACTIVE,f,,,,,,,,,,06aaf9aa-57e7-4f8d-b273-4aead63ae0e7,v1.0,t,,
0874b346-e166-4f54-bd38-4f9ef604f3e0,09fce04e-36e6-48ab-a443-461b25a6346d,,,,ov-usd-bucket,Library/Asset/Machine/CT_BNCCMYZJ/CT_BNCCMYZJ.usd,Library/Asset/Machine,thumbnails/default_equipment_thumbnail_picture.png,,2026-05-19 07:55:27.855028+00,2026-05-19 07:55:27.855028+00,ACTIVE,f,,,,,,,,,,0874b346-e166-4f54-bd38-4f9ef604f3e0,v1.0,t,,
09e715d8-a019-4db8-a8fe-c3bb50b16ce8,029e7700-2ff6-4f65-b861-6c8ac5e751ac,,,,ov-usd-bucket,Library/Asset/Machine/CAC_670/CAC_670.usd,Library/Asset/Machine,thumbnails/default_equipment_thumbnail_picture.png,,2026-05-19 07:55:27.855028+00,2026-05-19 07:55:27.855028+00,ACTIVE,f,,,,,,,,,,09e715d8-a019-4db8-a8fe-c3bb50b16ce8,v1.0,t,,
0aaba651-d030-493a-bfe0-180d7972ad52,1d4f92c4-156e-4009-8dfb-aaf7b35e66a3,,,,ov-usd-bucket,Library/Asset/Machine/CT_BNCZSSL/CT_BNCZSSL.usd,Library/Asset/Machine,thumbnails/default_equipment_thumbnail_picture.png,,2026-05-19 07:55:27.855028+00,2026-05-19 07:55:27.855028+00,ACTIVE,f,,,,,,,,,,0aaba651-d030-493a-bfe0-180d7972ad52,v1.0,t,,
0bc018a2-d426-4320-8e2e-9d68658b6d7e,66e171bc-036b-4b2f-948e-36766c844a5e,,,,ov-usd-bucket,Library/Asset/Machine/CT_HCM548PCBSC24_R/CT_HCM548PCBSC24_R.usd,Library/Asset/Machine,thumbnails/default_equipment_thumbnail_picture.png,,2026-05-19 07:55:27.855028+00,2026-05-19 07:55:27.855028+00,ACTIVE,f,,,,,,,,,,0bc018a2-d426-4320-8e2e-9d68658b6d7e,v1.0,t,,
0c0415fd-b3ad-4816-8b65-91f12239edf8,e64040a3-1c9a-4592-b48a-820b34f71879,,,,ov-usd-bucket,Library/Asset/MBD_SMT/TR7700L_QE/TR7700L_QE.usd,Library/Asset/MBD_SMT,thumbnails/20260516-TR7700L_QE.png,,2026-05-05 03:13:36.72587+00,2026-05-21 09:26:42.97166+00,ACTIVE,f,,,,,,,,,,0c0415fd-b3ad-4816-8b65-91f12239edf8,v1.0,t,,
0c1fad98-b806-4f0f-9880-23417a519039,b0bb68ff-b1cd-4f8d-802a-5e856597b1dc,,,,ov-usd-bucket,Library/Asset/Machine/CT_BNCZSYZ/CT_BNCZSYZ.usd,Library/Asset/Machine,thumbnails/default_equipment_thumbnail_picture.png,,2026-05-19 07:55:27.855028+00,2026-05-19 07:55:27.855028+00,ACTIVE,f,,,,,,,,,,0c1fad98-b806-4f0f-9880-23417a519039,v1.0,t,,
0cee526c-d363-425e-9a2a-5c4c4e31bd58,7f6ad767-b63e-4c77-a7e5-a17628807c4e,,,,ov-usd-bucket,Library/Asset/HST_PTH/CT_HOP9LSSJ_D2/CT_HOP9LSSJ_D2.usd,Library/Asset/HST_PTH,thumbnails/default_equipment_thumbnail_picture.png,,2026-05-19 07:11:35.399963+00,2026-05-19 07:11:35.399963+00,ACTIVE,f,,,,,,,,,,0cee526c-d363-425e-9a2a-5c4c4e31bd58,v1.0,t,,
0e67c408-84ec-42b0-a002-bed3c6702507,90aaaa9b-4859-41a3-b03b-cd7b6d6a86ad,,,,ov-usd-bucket,Library/Asset/Machine/CT_HBNCZMBUF/CT_HBNCZMBUF.usd,Library/Asset/Machine,thumbnails/default_equipment_thumbnail_picture.png,,2026-05-19 07:55:27.855028+00,2026-05-19 07:55:27.855028+00,ACTIVE,f,,,,,,,,,,0e67c408-84ec-42b0-a002-bed3c6702507,v1.0,t,,
0f543d61-3b82-4446-aa44-2e5713afb913,b9664da6-4c1a-420d-81d0-0ebb3a49f58b,,,,ov-usd-bucket,Library/Asset/Machine/TR_8100_LV/TR_8100_LV.usd,Library/Asset/Machine,thumbnails/default_equipment_thumbnail_picture.png,,2026-05-19 07:55:27.855028+00,2026-05-19 07:55:27.855028+00,ACTIVE,f,,,,,,,,,,0f543d61-3b82-4446-aa44-2e5713afb913,v1.0,t,,
10831070-e881-43ad-8220-5ecd2fbb2f74,a5aab84a-4c22-411c-a9dd-400c92b1c137,,,,ov-usd-bucket,Library/Asset/MBD_VN/E04_BOTTOMELSFP/E04_BOTTOMELSFP.usd,Library/Asset/MBD_VN,thumbnails/default_equipment_thumbnail_picture.png,,2026-05-06 06:58:42.47232+00,2026-05-21 09:26:42.97166+00,ACTIVE,f,,,,,,,,,,10831070-e881-43ad-8220-5ecd2fbb2f74,v1.0,t,,
10b35032-6a4c-463f-8f1f-c749eec1a950,d832319b-3fac-4eef-bd75-a22e1f1c0fc2,,,,ov-usd-bucket,Library/Asset/HST_PACK/CT_HOPBHM_B/CT_HOPBHM_B.usd,Library/Asset/HST_PACK,thumbnails/default_equipment_thumbnail_picture.png,,2026-05-19 06:51:59.123683+00,2026-05-19 06:51:59.123683+00,ACTIVE,f,,,,,,,,,,10b35032-6a4c-463f-8f1f-c749eec1a950,v1.0,t,,
10eca474-d8e9-451f-9d0d-1d092020a96d,90ae5e0c-b16e-4511-a8ac-03a8839ae397,,,,ov-usd-bucket,Library/Asset/MBD_Orchid/orchid_sfg_px9oe_b00_asm/orchid_sfg_px9oe_b00_asm.usd,Library/Asset/MBD_Orchid,thumbnails/default_equipment_thumbnail_picture.png,,2026-05-07 09:06:57.268981+00,2026-05-07 09:06:57.268981+00,ACTIVE,f,,,,,,,,,,10eca474-d8e9-451f-9d0d-1d092020a96d,v1.0,t,,
12114a70-ce79-4674-b144-4d1352270180,dacf9a39-2a93-4176-8d1d-d36162ca13a8,,,,ov-usd-bucket,Library/Asset/Machine/CT_HCM548PCB10_R/CT_HCM548PCB10_R.usd,Library/Asset/Machine,thumbnails/default_equipment_thumbnail_picture.png,,2026-05-19 07:55:27.855028+00,2026-05-19 07:55:27.855028+00,ACTIVE,f,,,,,,,,,,12114a70-ce79-4674-b144-4d1352270180,v1.0,t,,
12b9d84f-0869-4162-b0dd-818dba829fef,6b33550c-d36f-44c7-a4c1-b99f3688f9e0,,,,ov-usd-bucket,Library/Asset/MBD_PACK/Packing_06/Packing_06.usd,Library/Asset/MBD_PACK,thumbnails/20260516-Snipaste_2026-05-16_12-37-33.png,,2026-05-06 06:50:11.27645+00,2026-05-21 09:26:42.97166+00,ACTIVE,f,,,,,,,,,,12b9d84f-0869-4162-b0dd-818dba829fef,v1.0,t,,
13917057-b529-47bb-9564-15da5ff1ebb4,3485b8ff-36cb-4cc3-9d3e-e18b995d9ac5,,,,ov-usd-bucket,Library/Asset/MBD_VN/E01_6S_MTCJ61256SCMSTRAY002/E01_6S_MTCJ61256SCMSTRAY002.usd,Library/Asset/MBD_VN,thumbnails/default_equipment_thumbnail_picture.png,,2026-05-06 06:58:42.47232+00,2026-05-06 06:58:42.47232+00,ACTIVE,f,,,,,,,,,,13917057-b529-47bb-9564-15da5ff1ebb4,v1.0,t,,
13abfbce-2153-4cf4-9c41-8c8dcd583a7a,315646a3-0cc5-4a0d-85c6-5574a2ac6574,,,,ov-usd-bucket,Library/Asset/Machine/CT_HCM548BS18_R/CT_HCM548BS18_R.usd,Library/Asset/Machine,thumbnails/default_equipment_thumbnail_picture.png,,2026-05-19 07:55:27.855028+00,2026-05-19 07:55:27.855028+00,ACTIVE,f,,,,,,,,,,13abfbce-2153-4cf4-9c41-8c8dcd583a7a,v1.0,t,,
1465750b-5f33-4489-b44c-30db4fe22af2,c40e332e-1900-4497-a216-e00e8535fdf7,,,,ov-usd-bucket,Library/Asset/Machine/TR7700QE_DL/TR7700QE_DL.usd,Library/Asset/Machine,thumbnails/default_equipment_thumbnail_picture.png,,2026-05-19 07:55:27.855028+00,2026-05-19 07:55:27.855028+00,ACTIVE,f,,,,,,,,,,1465750b-5f33-4489-b44c-30db4fe22af2,v1.0,t,,
15de77e6-e248-4ed4-976e-6d9a82d70a0b,5f8a2299-df27-4ff4-83b7-c8d3746a89b9,,,,ov-usd-bucket,Library/Asset/Machine/CT_TWNF09_15B/CT_TWNF09_15B.usd,Library/Asset/Machine,thumbnails/default_equipment_thumbnail_picture.png,,2026-05-19 07:55:27.855028+00,2026-05-19 07:55:27.855028+00,ACTIVE,f,,,,,,,,,,15de77e6-e248-4ed4-976e-6d9a82d70a0b,v1.0,t,,
160ba40c-91e5-4b81-ae52-107e6ba36ffd,12692cf0-d572-4e3c-b29f-57f94e1f09c0,,,,ov-usd-bucket,Library/Asset/Machine/CT_HOUM548SFL/CT_HOUM548SFL.usd,Library/Asset/Machine,thumbnails/default_equipment_thumbnail_picture.png,,2026-05-19 07:55:27.855028+00,2026-05-19 07:55:27.855028+00,ACTIVE,f,,,,,,,,,,160ba40c-91e5-4b81-ae52-107e6ba36ffd,v1.0,t,,
173ce43b-6b1f-4701-a2aa-bffa75539861,f706ac83-dd68-41f0-baf8-48929cbfe0b8,,,,ov-usd-bucket,Library/Asset/HST_Dis_Assy_Sub/CT_HOUCCSTC/CT_HOUCCSTC.usd,Library/Asset/HST_Dis_Assy_Sub,thumbnails/default_equipment_thumbnail_picture.png,,2026-05-19 06:54:38.469855+00,2026-05-19 06:54:38.469855+00,ACTIVE,f,,,,,,,,,,173ce43b-6b1f-4701-a2aa-bffa75539861,v1.0,t,,
1794dea9-9ca4-4723-8f2b-3124d94c7731,a7467932-23c6-4422-82c6-9e13e7ad8aeb,,,,ov-usd-bucket,Library/Asset/Machine/S2_900/S2_900.usd,Library/Asset/Machine,thumbnails/default_equipment_thumbnail_picture.png,,2026-05-19 07:55:27.855028+00,2026-05-19 07:55:27.855028+00,ACTIVE,f,,,,,,,,,,1794dea9-9ca4-4723-8f2b-3124d94c7731,v1.0,t,,
19a905f4-015d-4d7b-a710-ced487b25ac8,b6845b1e-c1b4-4e7f-9974-baa2b202792a,,,,ov-usd-bucket,Library/Asset/Machine/CT_HCM548FM23/CT_HCM548FM23.usd,Library/Asset/Machine,thumbnails/default_equipment_thumbnail_picture.png,,2026-05-19 07:55:27.855028+00,2026-05-19 07:55:27.855028+00,ACTIVE,f,,,,,,,,,,19a905f4-015d-4d7b-a710-ced487b25ac8,v1.0,t,,
1c4c1a7e-320e-45c2-a266-db342784a1ed,4400c183-2fab-404f-b9ee-8290384c347b,,,,ov-usd-bucket,Library/Asset/Machine/ISP_A2/ISP_A2.usd,Library/Asset/Machine,thumbnails/default_equipment_thumbnail_picture.png,,2026-05-19 07:55:27.855028+00,2026-05-19 07:55:27.855028+00,ACTIVE,f,,,,,,,,,,1c4c1a7e-320e-45c2-a266-db342784a1ed,v1.0,t,,
1f6c256d-2e63-41d7-978e-b7ccf5839d0f,520fc09d-047a-4100-b642-fbbe31273d10,,,,ov-usd-bucket,Library/Asset/MBD_VN/VFI/VFI.usd,Library/Asset/MBD_VN,thumbnails/default_equipment_thumbnail_picture.png,,2026-05-06 06:58:42.47232+00,2026-05-06 06:58:42.47232+00,ACTIVE,f,,,,,,,,,,1f6c256d-2e63-41d7-978e-b7ccf5839d0f,v1.0,t,,
1f8537dc-242e-4458-8ee2-3f90b163b373,0b84c8ab-cacb-4eaf-941f-5152a6da8f50,,,,ov-usd-bucket,Library/Asset/HST_PTH/CT_HOP9YZJ/CT_HOP9YZJ.usd,Library/Asset/HST_PTH,thumbnails/default_equipment_thumbnail_picture.png,,2026-05-19 07:11:35.399963+00,2026-05-19 07:11:35.399963+00,ACTIVE,f,,,,,,,,,,1f8537dc-242e-4458-8ee2-3f90b163b373,v1.0,t,,
21b733d9-0e6a-4918-a3b9-f9bf7660df79,09dde6c1-103a-474e-a898-65d1aced1a32,,,,ov-usd-bucket,Library/Asset/MBD_PACK/roll_zx01/roll_zx01.usd,Library/Asset/MBD_PACK,thumbnails/20260516-Snipaste_2026-05-16_12-41-36.png,,2026-05-06 06:50:11.27645+00,2026-05-16 04:41:46.34196+00,ACTIVE,f,,,,,,,,,,21b733d9-0e6a-4918-a3b9-f9bf7660df79,v1.0,t,,
21cbb821-00f4-4159-8a33-785487e4974b,5d5e14d8-cc15-4b9e-9416-71ee48c230bf,,,,ov-usd-bucket,Library/Asset/MBD_SMT/GY09C/GY09C.usd,Library/Asset/MBD_SMT,thumbnails/20260508-微信图片_20260507155252_12_126.png,,2026-05-05 03:13:36.72587+00,2026-05-21 11:40:10.064597+00,ACTIVE,f,,,,,,,,,,21cbb821-00f4-4159-8a33-785487e4974b,v1.0,t,,
2369a745-d9c7-4158-be6a-5492158c5be8,11cc0c9c-8bcc-4f80-a61e-d2b2adc2344f,,,,ov-usd-bucket,Library/Asset/HST_PACK/CT_HOPBYZ/CT_HOPBYZ.usd,Library/Asset/HST_PACK,thumbnails/default_equipment_thumbnail_picture.png,,2026-05-19 06:51:59.123683+00,2026-05-19 06:51:59.123683+00,ACTIVE,f,,,,,,,,,,2369a745-d9c7-4158-be6a-5492158c5be8,v1.0,t,,
24237856-b476-4784-b634-768702c01ba9,8a15c0f5-e8a2-42b8-80e5-051728eb4840,,,,ov-usd-bucket,Library/Asset/Machine/r_S330IN_LINE_SL_XL/r_S330IN_LINE_SL_XL.usd,Library/Asset/Machine,thumbnails/default_equipment_thumbnail_picture.png,,2026-05-19 07:55:27.855028+00,2026-05-19 07:55:27.855028+00,ACTIVE,f,,,,,,,,,,24237856-b476-4784-b634-768702c01ba9,v1.0,t,,
251829a4-6385-43d5-9d78-5a152b000ae4,6d36b1cc-bb01-46c5-8234-9faa81502f85,,,,ov-usd-bucket,Library/Asset/MBD_SMT/VT_X750/VT_X750.usd,Library/Asset/MBD_SMT,thumbnails/20260516-Snipaste_2026-05-16_12-35-43.png,,2026-05-05 03:13:36.72587+00,2026-05-21 09:26:42.97166+00,ACTIVE,f,,,,,,,,,,251829a4-6385-43d5-9d78-5a152b000ae4,v1.0,t,,
268de675-728f-48d8-9fc7-556c6214107a,2286bf63-d2a3-4f11-9d70-b625e0896d30,,,,ov-usd-bucket,Library/Asset/MBD_SMT/FLYTAKE/FLYTAKE.usd,Library/Asset/MBD_SMT,thumbnails/20260508-微信图片_20260507155143_10_126.png,,2026-05-05 03:13:36.72587+00,2026-05-21 11:40:10.064597+00,ACTIVE,f,,,,,,,,,,268de675-728f-48d8-9fc7-556c6214107a,v1.0,t,,
26f73532-1938-416b-a5a8-6c7955eed6b0,6bd96962-1634-428b-9dee-200d609566b3,,,,ov-usd-bucket,Library/Asset/Machine/CT_TWNF09_14B/CT_TWNF09_14B.usd,Library/Asset/Machine,thumbnails/default_equipment_thumbnail_picture.png,,2026-05-19 07:55:27.855028+00,2026-05-19 07:55:27.855028+00,ACTIVE,f,,,,,,,,,,26f73532-1938-416b-a5a8-6c7955eed6b0,v1.0,t,,
285499b0-c983-4e4d-aa6b-3cf89a2f499e,c66f6b2a-e65e-4ce9-862f-f4228f4819db,,,,ov-usd-bucket,Library/Asset/MBD_SMT/SPI_FAG_OWL/SPI_FAG_OWL.usd,Library/Asset/MBD_SMT,thumbnails/20260516-SPI_FAG_OWL.png,,2026-05-05 03:13:36.72587+00,2026-05-21 09:26:42.97166+00,ACTIVE,f,,,,,,,,,,285499b0-c983-4e4d-aa6b-3cf89a2f499e,v1.0,t,,
289d591e-589c-479e-ba65-cde3e71babf0,a2f7a33a-c25c-4557-8dc8-acc3b7c4876a,,,,ov-usd-bucket,Library/Asset/Machine/CT_HCM548TS1_Buffer/CT_HCM548TS1_Buffer.usd,Library/Asset/Machine,thumbnails/default_equipment_thumbnail_picture.png,,2026-05-19 07:55:27.855028+00,2026-05-19 07:55:27.855028+00,ACTIVE,f,,,,,,,,,,289d591e-589c-479e-ba65-cde3e71babf0,v1.0,t,,
2a87557b-47a4-478e-b53c-80b7ace2b609,12b21e15-980a-4a06-9887-0e61a36d07d1,,,,ov-usd-bucket,Library/Asset/MBD_SMT/NPM_WX_CART/NPM_WX_CART.usd,Library/Asset/MBD_SMT,thumbnails/20260516-NPM_WX_CART.png,,2026-05-05 03:13:36.72587+00,2026-05-21 09:26:42.97166+00,ACTIVE,f,,,,,,,,,,2a87557b-47a4-478e-b53c-80b7ace2b609,v1.0,t,,
2bf62b5d-e70c-4509-9f08-fb866b0607e0,97c3eb6f-1369-40bf-b197-542f0a5790be,,,,ov-usd-bucket,Library/Asset/MBD_SMT/Table/Table.usd,Library/Asset/MBD_SMT,thumbnails/20260516-Table.png,,2026-05-05 03:13:36.72587+00,2026-05-16 04:34:02.108944+00,ACTIVE,f,,,,,,,,,,2bf62b5d-e70c-4509-9f08-fb866b0607e0,v1.0,t,,
2c0f0746-a451-4fc4-ab96-cd30be851d31,0dac43a3-194e-4e34-bf72-e2ac99c2bc2a,,,,ov-usd-bucket,Library/Asset/HST_PACK/CT_HOPBCRO/CT_HOPBCRO.usd,Library/Asset/HST_PACK,thumbnails/default_equipment_thumbnail_picture.png,,2026-05-19 06:51:59.123683+00,2026-05-19 06:51:59.123683+00,ACTIVE,f,,,,,,,,,,2c0f0746-a451-4fc4-ab96-cd30be851d31,v1.0,t,,
2c1a2283-788c-4ba5-bb67-2f0b0610e650,28695da6-6e80-452c-a5f0-5c3668669698,,,,ov-usd-bucket,Library/Asset/Machine/CT_HBNCZSTPM/CT_HBNCZSTPM.usd,Library/Asset/Machine,thumbnails/default_equipment_thumbnail_picture.png,,2026-05-19 07:55:27.855028+00,2026-05-19 07:55:27.855028+00,ACTIVE,f,,,,,,,,,,2c1a2283-788c-4ba5-bb67-2f0b0610e650,v1.0,t,,
2dd86db4-5a56-4a16-908b-07c9ca1c4245,bab7d868-d34f-4c90-beb9-5f3a855daf48,,,,ov-usd-bucket,Library/Asset/Machine/CT_HCM548YH11/CT_HCM548YH11.usd,Library/Asset/Machine,thumbnails/default_equipment_thumbnail_picture.png,,2026-05-19 07:55:27.855028+00,2026-05-19 07:55:27.855028+00,ACTIVE,f,,,,,,,,,,2dd86db4-5a56-4a16-908b-07c9ca1c4245,v1.0,t,,
2e12e465-eb4c-42f9-ae7b-337833dfd5a3,764311be-93c3-47a9-b0f7-689f361cf140,,,,ov-usd-bucket,Library/Asset/Machine/CT_HCM548ZPRL_R/CT_HCM548ZPRL_R.usd,Library/Asset/Machine,thumbnails/default_equipment_thumbnail_picture.png,,2026-05-19 07:55:27.855028+00,2026-05-19 07:55:27.855028+00,ACTIVE,f,,,,,,,,,,2e12e465-eb4c-42f9-ae7b-337833dfd5a3,v1.0,t,,
2f3c43b3-9a3b-4983-947c-c0336953dd61,0414971d-f932-4cf7-8249-f9d6b4ecd54a,,,,ov-usd-bucket,Library/Asset/HST_PACK/CT_HOPBHM_A/CT_HOPBHM_A.usd,Library/Asset/HST_PACK,thumbnails/default_equipment_thumbnail_picture.png,,2026-05-19 06:51:59.123683+00,2026-05-19 06:51:59.123683+00,ACTIVE,f,,,,,,,,,,2f3c43b3-9a3b-4983-947c-c0336953dd61,v1.0,t,,
306a8265-3999-4fdf-9769-a78e3879b1cf,fb25570c-de94-45b4-8da2-9cec2d3b1d49,,,,ov-usd-bucket,Library/Asset/Machine/CT_HOUM548BSSC20/CT_HOUM548BSSC20.usd,Library/Asset/Machine,thumbnails/default_equipment_thumbnail_picture.png,,2026-05-19 07:55:27.855028+00,2026-05-19 07:55:27.855028+00,ACTIVE,f,,,,,,,,,,306a8265-3999-4fdf-9769-a78e3879b1cf,v1.0,t,,
3092bf1a-15fb-4f56-b1d1-e2e1cc8ae7e7,0bc024f4-bfda-498f-8236-103d62c92559,,,,ov-usd-bucket,Library/Asset/HST_PTH/CT_HOP9SSG/CT_HOP9SSG.usd,Library/Asset/HST_PTH,thumbnails/default_equipment_thumbnail_picture.png,,2026-05-19 07:11:35.399963+00,2026-05-19 07:11:35.399963+00,ACTIVE,f,,,,,,,,,,3092bf1a-15fb-4f56-b1d1-e2e1cc8ae7e7,v1.0,t,,
30954a13-7dd5-418d-879c-28b60483e9e4,51f77e70-cc45-4316-8c33-9c33419100ab,,,,ov-usd-bucket,Library/Asset/Machine/CT_HBNCZMCVF/CT_HBNCZMCVF.usd,Library/Asset/Machine,thumbnails/default_equipment_thumbnail_picture.png,,2026-05-19 07:55:27.855028+00,2026-05-19 07:55:27.855028+00,ACTIVE,f,,,,,,,,,,30954a13-7dd5-418d-879c-28b60483e9e4,v1.0,t,,
30e11c28-83fc-4934-b353-b1ef09f28996,7a40e99a-3e1b-424f-9e7a-10eecd40051f,,,,ov-usd-bucket,Library/Asset/MBD_SMT/E01_Fiber_Tray/E01_Fiber_Tray.usd,Library/Asset/MBD_SMT,thumbnails/20260508-微信图片_20260507155025_8_126.png,,2026-05-05 03:13:36.72587+00,2026-05-16 03:12:07.125992+00,ACTIVE,f,,,,,,,,,,30e11c28-83fc-4934-b353-b1ef09f28996,v1.0,t,,
30e77708-f99b-4c28-98a6-cec2a62504d8,890d5e88-4767-4750-b378-27776007b78f,,,,ov-usd-bucket,Library/Asset/Machine/PG548_TEST_RACK/PG548_TEST_RACK.usd,Library/Asset/Machine,thumbnails/default_equipment_thumbnail_picture.png,,2026-05-19 07:55:27.855028+00,2026-05-19 07:55:27.855028+00,ACTIVE,f,,,,,,,,,,30e77708-f99b-4c28-98a6-cec2a62504d8,v1.0,t,,
311e324e-df31-4b96-b818-3b5eaa643680,8618c850-0407-47b3-b467-aa05c0964fa5,,,,ov-usd-bucket,Library/Asset/Machine/CT_HCM548PCBSC24/CT_HCM548PCBSC24.usd,Library/Asset/Machine,thumbnails/default_equipment_thumbnail_picture.png,,2026-05-19 07:55:27.855028+00,2026-05-19 07:55:27.855028+00,ACTIVE,f,,,,,,,,,,311e324e-df31-4b96-b818-3b5eaa643680,v1.0,t,,
3183762f-25cf-4203-a60b-ca1596454587,0fc8b24a-e11a-4ec8-a832-ab6319498c32,,,,ov-usd-bucket,Library/Asset/Machine/CT_HBNCZSMD/CT_HBNCZSMD.usd,Library/Asset/Machine,thumbnails/default_equipment_thumbnail_picture.png,,2026-05-19 07:55:27.855028+00,2026-05-19 07:55:27.855028+00,ACTIVE,f,,,,,,,,,,3183762f-25cf-4203-a60b-ca1596454587,v1.0,t,,
3228f47e-26a7-488e-9cc2-2a24dae39609,ed44f09f-8f74-4a68-90aa-cb3afc52a3f5,,,,ov-usd-bucket,Library/Asset/Machine/CT_BNCZMCV_01/CT_BNCZMCV_01.usd,Library/Asset/Machine,thumbnails/default_equipment_thumbnail_picture.png,,2026-05-19 07:55:27.855028+00,2026-05-19 07:55:27.855028+00,ACTIVE,f,,,,,,,,,,3228f47e-26a7-488e-9cc2-2a24dae39609,v1.0,t,,
33d7016b-2cee-47fe-b56b-7f30daef5783,89e137c6-0632-441b-9937-5b61272c0121,,,,ov-usd-bucket,Library/Asset/HST_ASRS/Shuttle_1T/Shuttle_1T.usd,Library/Asset/HST_ASRS,thumbnails/default_equipment_thumbnail_picture.png,,2026-05-21 11:39:27.413971+00,2026-05-21 11:39:27.413971+00,ACTIVE,f,,,,,,,,,,33d7016b-2cee-47fe-b56b-7f30daef5783,v1.0,t,,
34c3636e-76cc-4437-903c-d936f168327f,04ca0a25-42fd-44f2-b13d-fe43464c34e9,,,,ov-usd-bucket,Library/Asset/Machine/CT_HOUM548ZPRL_01/CT_HOUM548ZPRL_01.usd,Library/Asset/Machine,thumbnails/default_equipment_thumbnail_picture.png,,2026-05-19 07:55:27.855028+00,2026-05-19 07:55:27.855028+00,ACTIVE,f,,,,,,,,,,34c3636e-76cc-4437-903c-d936f168327f,v1.0,t,,
34fe9e2b-2923-4456-bf10-b047ec5c144b,de959e84-d12d-464b-a6df-7f19f6bbb59d,,,,ov-usd-bucket,Library/Asset/Machine/CT_HBNCZLD/CT_HBNCZLD.usd,Library/Asset/Machine,thumbnails/default_equipment_thumbnail_picture.png,,2026-05-19 07:55:27.855028+00,2026-05-19 07:55:27.855028+00,ACTIVE,f,,,,,,,,,,34fe9e2b-2923-4456-bf10-b047ec5c144b,v1.0,t,,
351b9d34-ca78-4364-bc88-55fe35ce31ab,772ce86b-b312-4844-b256-3428cc22791a,,,,ov-usd-bucket,Library/Asset/MBD_SMT/CT_HBNCZTC/CT_HBNCZTC.usd,Library/Asset/MBD_SMT,thumbnails/20260508-pig4.png,"{""protocol"": ""xx"", ""ipAddress"": ""192.178.1.1""}",2026-05-05 03:13:36.72587+00,2026-05-19 09:45:56.603236+00,ACTIVE,f,,,,,,,,,,351b9d34-ca78-4364-bc88-55fe35ce31ab,v1.0,t,,
3546080d-2c22-4d3d-86b8-e5e9b13f1688,35e478fe-2a91-4050-a645-196bac1e89b1,,,,ov-usd-bucket,Library/Asset/HST_PACK/CT_HOPBWXXZ/CT_HOPBWXXZ.usd,Library/Asset/HST_PACK,thumbnails/default_equipment_thumbnail_picture.png,,2026-05-19 06:51:59.123683+00,2026-05-19 06:51:59.123683+00,ACTIVE,f,,,,,,,,,,3546080d-2c22-4d3d-86b8-e5e9b13f1688,v1.0,t,,
35a6cb09-0ce0-4b99-a70e-cd054ef9a0f4,9d6ed249-52e0-4aa0-b4f8-e7371635e8da,,,,ov-usd-bucket,Library/Asset/MBD_SMT/FCCATM_H100/FCCATM_H100.usd,Library/Asset/MBD_SMT,thumbnails/20260508-微信图片_20260507155112_9_126.png,,2026-05-05 03:13:36.72587+00,2026-05-21 09:26:42.97166+00,ACTIVE,f,,,,,,,,,,35a6cb09-0ce0-4b99-a70e-cd054ef9a0f4,v1.0,t,,
3634ead1-92dd-4260-a2af-c29bb3ff9681,8b066395-7a38-4a54-b85a-bf5eaf327b87,,,,ov-usd-bucket,Library/Asset/HST_Dis_Assy_Sub/CT_HOUCCSSLYZ/CT_HOUCCSSLYZ.usd,Library/Asset/HST_Dis_Assy_Sub,thumbnails/default_equipment_thumbnail_picture.png,,2026-05-19 06:54:38.469855+00,2026-05-19 06:54:38.469855+00,ACTIVE,f,,,,,,,,,,3634ead1-92dd-4260-a2af-c29bb3ff9681,v1.0,t,,
367b81ec-d8d4-42b8-a7b6-c29958aecac3,db7e13bf-46cc-4563-b640-d0dbb63dd42a,,,,ov-usd-bucket,Library/Asset/MBD_VN/E01_6S_FiberTray001/E01_6S_FiberTray001.usd,Library/Asset/MBD_VN,thumbnails/default_equipment_thumbnail_picture.png,,2026-05-06 06:58:42.47232+00,2026-05-21 09:26:42.97166+00,ACTIVE,f,,,,,,,,,,367b81ec-d8d4-42b8-a7b6-c29958aecac3,v1.0,t,,
377f12f8-394a-4bfa-8a99-f531eeb921e0,65a42eec-6136-4f3e-9b46-969cc687674d,,,,ov-usd-bucket,Library/Asset/Machine/CT_HOP9YZJ_D/CT_HOP9YZJ_D.usd,Library/Asset/Machine,thumbnails/default_equipment_thumbnail_picture.png,,2026-05-19 07:55:27.855028+00,2026-05-19 07:55:27.855028+00,ACTIVE,f,,,,,,,,,,377f12f8-394a-4bfa-8a99-f531eeb921e0,v1.0,t,,
3894b1ed-71fd-499c-8f95-c57ebd8c780e,8128cfac-b457-4d0b-8fd6-672e74184064,,,,ov-usd-bucket,Library/Asset/HST_PACK/CT_HST_PACK_TARGAOI/CT_HST_PACK_TARGAOI.usd,Library/Asset/HST_PACK,thumbnails/default_equipment_thumbnail_picture.png,,2026-05-19 06:51:59.123683+00,2026-05-19 06:51:59.123683+00,ACTIVE,f,,,,,,,,,,3894b1ed-71fd-499c-8f95-c57ebd8c780e,v1.0,t,,
3baa205f-a1fc-4699-a5cf-4c93408181f3,2a4fc684-6a59-4aaa-94d0-cb784d60e800,,,,ov-usd-bucket,Library/Asset/MBD_VN/E01_2DETACHABLE/E01_2DETACHABLE.usd,Library/Asset/MBD_VN,thumbnails/20260519-Snipaste_2026-05-19_14-26-39.png,,2026-05-06 06:58:42.47232+00,2026-05-21 09:26:42.97166+00,ACTIVE,f,,,,,,,,,,3baa205f-a1fc-4699-a5cf-4c93408181f3,v1.0,t,,
3cf3b9ad-2c5b-4fc7-ba44-a5aa4aa279ea,e45537e3-3df5-4606-b125-b1f9b619f751,,,,ov-usd-bucket,Library/Asset/MBD_VN/E03_BRACKET/E03_BRACKET.usd,Library/Asset/MBD_VN,thumbnails/default_equipment_thumbnail_picture.png,,2026-05-06 06:58:42.47232+00,2026-05-21 09:26:42.97166+00,ACTIVE,f,,,,,,,,,,3cf3b9ad-2c5b-4fc7-ba44-a5aa4aa279ea,v1.0,t,,
3dc4595e-0b89-4605-9aa0-bc1850163f14,a36efc11-06cb-486e-824d-4e92bbac20a0,,,,ov-usd-bucket,Library/Asset/Machine/LCD_VI_45L/LCD_VI_45L.usd,Library/Asset/Machine,thumbnails/default_equipment_thumbnail_picture.png,,2026-05-19 07:55:27.855028+00,2026-05-19 07:55:27.855028+00,ACTIVE,f,,,,,,,,,,3dc4595e-0b89-4605-9aa0-bc1850163f14,v1.0,t,,
3e94bdc9-ea6b-46e5-97cb-28a7033a0a66,856072d7-7ea0-44fc-adbd-9a32b07ceeb6,,,,ov-usd-bucket,Library/Asset/MBD_Orchid/Spring_Clip/Spring_Clip.usd,Library/Asset/MBD_Orchid,thumbnails/default_equipment_thumbnail_picture.png,,2026-05-07 09:06:57.268981+00,2026-05-21 09:26:42.97166+00,ACTIVE,f,,,,,,,,,,3e94bdc9-ea6b-46e5-97cb-28a7033a0a66,v1.0,t,,
3ea70094-c3a4-448f-a507-6183ea5c3d96,6660b46f-bcc0-4808-bcd6-111a73e614e6,,,,ov-usd-bucket,Library/Asset/Machine/CT_HOUM548SFL25_T/CT_HOUM548SFL25_T.usd,Library/Asset/Machine,thumbnails/default_equipment_thumbnail_picture.png,,2026-05-19 07:55:27.855028+00,2026-05-19 07:55:27.855028+00,ACTIVE,f,,,,,,,,,,3ea70094-c3a4-448f-a507-6183ea5c3d96,v1.0,t,,
3f591307-ed6b-4d6a-9199-da6be3ac27a7,85923f87-67e4-4d1b-8e80-763cfe51ec99,,,,ov-usd-bucket,Library/Asset/HST_PTH/CT_TWNF10_08_00/CT_TWNF10_08_00.usd,Library/Asset/HST_PTH,thumbnails/default_equipment_thumbnail_picture.png,,2026-05-19 07:11:35.399963+00,2026-05-19 07:11:35.399963+00,ACTIVE,f,,,,,,,,,,3f591307-ed6b-4d6a-9199-da6be3ac27a7,v1.0,t,,
3f7e4478-3ef8-42de-aec3-9150766a544b,3b6ac295-98ea-46d3-aec1-7372bf0f8501,,,,ov-usd-bucket,Library/Asset/Machine/CT_HBNCZMULD/CT_HBNCZMULD.usd,Library/Asset/Machine,thumbnails/default_equipment_thumbnail_picture.png,,2026-05-19 07:55:27.855028+00,2026-05-19 07:55:27.855028+00,ACTIVE,f,,,,,,,,,,3f7e4478-3ef8-42de-aec3-9150766a544b,v1.0,t,,
4099a90c-4677-4b7d-ab1d-be76b7a694c0,8a8fdb5b-fc93-4d16-a43a-7ad64a1a406e,,,,ov-usd-bucket,Library/Asset/Machine/SWT_200A/SWT_200A.usd,Library/Asset/Machine,thumbnails/default_equipment_thumbnail_picture.png,,2026-05-19 07:55:27.855028+00,2026-05-19 07:55:27.855028+00,ACTIVE,f,,,,,,,,,,4099a90c-4677-4b7d-ab1d-be76b7a694c0,v1.0,t,,
4275eba0-8e47-4cdf-b0b5-5734a0ede21e,2e68722d-7b88-4333-a474-7b4d8e90adb0,,,,ov-usd-bucket,Library/Asset/MBD_SMT/PCT_LR/PCT_LR.usd,Library/Asset/MBD_SMT,thumbnails/20260516-PCT_LR.png,,2026-05-05 03:13:36.72587+00,2026-05-21 09:26:42.97166+00,ACTIVE,f,,,,,,,,,,4275eba0-8e47-4cdf-b0b5-5734a0ede21e,v1.0,t,,
4327f21e-1a87-4f1b-9fd3-896687de76da,08e38cb5-5848-4136-bf15-98dae0eeca4a,,,,ov-usd-bucket,Library/Asset/Machine/CT_HOUM548YH11/CT_HOUM548YH11.usd,Library/Asset/Machine,thumbnails/default_equipment_thumbnail_picture.png,,2026-05-19 07:55:27.855028+00,2026-05-19 07:55:27.855028+00,ACTIVE,f,,,,,,,,,,4327f21e-1a87-4f1b-9fd3-896687de76da,v1.0,t,,
4491ec2a-d295-460d-9886-cafbaf22a724,aa992baa-e013-43e9-874f-29d24f989795,,,,ov-usd-bucket,Library/Asset/Machine/CT_BNCZMTC/CT_BNCZMTC.usd,Library/Asset/Machine,thumbnails/default_equipment_thumbnail_picture.png,,2026-05-19 07:55:27.855028+00,2026-05-19 07:55:27.855028+00,ACTIVE,f,,,,,,,,,,4491ec2a-d295-460d-9886-cafbaf22a724,v1.0,t,,
4728d326-362e-450e-a4a2-4b8ef2df19a2,ebc6a762-b8d9-4099-bb42-327e9097ebba,,,,ov-usd-bucket,Library/Asset/MBD_PACK/roll_06/roll_06.usd,Library/Asset/MBD_PACK,thumbnails/20260516-Snipaste_2026-05-16_12-41-18.png,,2026-05-06 06:50:11.27645+00,2026-05-21 09:26:42.97166+00,ACTIVE,f,,,,,,,,,,4728d326-362e-450e-a4a2-4b8ef2df19a2,v1.0,t,,
490caf70-85a8-4378-95ae-5ddc1fb62607,cc7c2c5a-cf10-4eb1-98fe-9f07bb17cab7,,,,ov-usd-bucket,Library/Asset/Machine/YWD_400/YWD_400.usd,Library/Asset/Machine,thumbnails/default_equipment_thumbnail_picture.png,,2026-05-19 07:55:27.855028+00,2026-05-19 07:55:27.855028+00,ACTIVE,f,,,,,,,,,,490caf70-85a8-4378-95ae-5ddc1fb62607,v1.0,t,,
4bd6993b-8d20-4d28-b798-4e8a89623789,e3d03fc3-783a-466e-8587-3de0207da665,,,,ov-usd-bucket,Library/Asset/Machine/AUI_4000L_D/AUI_4000L_D.usd,Library/Asset/Machine,thumbnails/default_equipment_thumbnail_picture.png,,2026-05-19 07:55:27.855028+00,2026-05-19 07:55:27.855028+00,ACTIVE,f,,,,,,,,,,4bd6993b-8d20-4d28-b798-4e8a89623789,v1.0,t,,
4d5a6470-a623-4b63-a161-450b2134c84b,0e3a4262-d58e-47aa-a305-ca4c76c291c7,,,,ov-usd-bucket,Library/Asset/MBD_PACK/roll_05/roll_05.usd,Library/Asset/MBD_PACK,thumbnails/20260516-Snipaste_2026-05-16_12-40-59.png,,2026-05-06 06:50:11.27645+00,2026-05-21 09:26:42.97166+00,ACTIVE,f,,,,,,,,,,4d5a6470-a623-4b63-a161-450b2134c84b,v1.0,t,,
4d6b0eae-071b-4dc3-8e80-069b9d675eac,8e058c6f-aef0-4c3d-89e7-35d64f72f5aa,,,,ov-usd-bucket,Library/Asset/MBD_VN/E05_BOTTOMPLATE/E05_BOTTOMPLATE.usd,Library/Asset/MBD_VN,thumbnails/default_equipment_thumbnail_picture.png,,2026-05-06 06:58:42.47232+00,2026-05-21 09:26:42.97166+00,ACTIVE,f,,,,,,,,,,4d6b0eae-071b-4dc3-8e80-069b9d675eac,v1.0,t,,
4db30942-6727-412b-8fad-f85f0e700075,89488ee6-b912-45c1-88ee-03b58f1bdd30,,,,ov-usd-bucket,Library/Asset/Machine/CT_HBNCZSIOB/CT_HBNCZSIOB.usd,Library/Asset/Machine,thumbnails/default_equipment_thumbnail_picture.png,,2026-05-19 07:55:27.855028+00,2026-05-19 07:55:27.855028+00,ACTIVE,f,,,,,,,,,,4db30942-6727-412b-8fad-f85f0e700075,v1.0,t,,
4df04c41-dd5f-4511-9324-97af3c0deec0,909d9aef-41b7-4bff-b4a7-80f8f2be6105,,,,ov-usd-bucket,Library/Asset/Machine/FL_1500L/FL_1500L.usd,Library/Asset/Machine,thumbnails/default_equipment_thumbnail_picture.png,,2026-05-19 07:55:27.855028+00,2026-05-19 07:55:27.855028+00,ACTIVE,f,,,,,,,,,,4df04c41-dd5f-4511-9324-97af3c0deec0,v1.0,t,,
4e138e53-3fc2-4621-9d08-16b7620cf689,d4c7c31b-1985-4b40-97af-0168724deee4,,,,ov-usd-bucket,Library/Asset/MBD_VN/FCCATMH100/FCCATMH100.usd,Library/Asset/MBD_VN,thumbnails/default_equipment_thumbnail_picture.png,,2026-05-06 06:58:42.47232+00,2026-05-21 09:26:42.97166+00,ACTIVE,f,,,,,,,,,,4e138e53-3fc2-4621-9d08-16b7620cf689,v1.0,t,,
4e3a0216-8f99-46a6-ae23-6310f8111784,9a0a68aa-d07e-4627-b262-73e173d5bd2c,,,,ov-usd-bucket,Library/Asset/Machine/CT_HCM548DRJ2_R/CT_HCM548DRJ2_R.usd,Library/Asset/Machine,thumbnails/default_equipment_thumbnail_picture.png,,2026-05-19 07:55:27.855028+00,2026-05-19 07:55:27.855028+00,ACTIVE,f,,,,,,,,,,4e3a0216-8f99-46a6-ae23-6310f8111784,v1.0,t,,
4f33015a-306a-4362-b43b-c70fb840c7d7,a938b627-0c69-4039-a458-b78ba94cd1f1,,,,ov-usd-bucket,Library/Asset/Machine/CT_HOUM548PCB/CT_HOUM548PCB.usd,Library/Asset/Machine,thumbnails/default_equipment_thumbnail_picture.png,,2026-05-19 07:55:27.855028+00,2026-05-19 07:55:27.855028+00,ACTIVE,f,,,,,,,,,,4f33015a-306a-4362-b43b-c70fb840c7d7,v1.0,t,,
4fb5302e-cd98-465a-8913-6fa75e8d1aa3,29b590cf-d6d7-4140-9c92-ab2acb07cfc9,,,,ov-usd-bucket,Library/Asset/HST_PACK/CT_HOPBFKB/CT_HOPBFKB.usd,Library/Asset/HST_PACK,thumbnails/default_equipment_thumbnail_picture.png,,2026-05-19 06:51:59.123683+00,2026-05-19 06:51:59.123683+00,ACTIVE,f,,,,,,,,,,4fb5302e-cd98-465a-8913-6fa75e8d1aa3,v1.0,t,,
50816c71-d179-4c68-81c0-468a435cdf66,52764c51-fd69-4559-bac7-5488039a0b13,,,,ov-usd-bucket,Library/Asset/Machine/PG548_UT30_Test_Tray_Carrier_20250730/PG548_UT30_Test_Tray_Carrier_20250730.usd,Library/Asset/Machine,thumbnails/default_equipment_thumbnail_picture.png,,2026-05-19 07:55:27.855028+00,2026-05-19 07:55:27.855028+00,ACTIVE,f,,,,,,,,,,50816c71-d179-4c68-81c0-468a435cdf66,v1.0,t,,
51290357-c583-47ba-9c42-b49a51838f9a,bff06457-4fdc-413c-97b3-fea109c4c381,,,,ov-usd-bucket,Library/Asset/Machine/CT_BNCZMCVF/CT_BNCZMCVF.usd,Library/Asset/Machine,thumbnails/default_equipment_thumbnail_picture.png,,2026-05-19 07:55:27.855028+00,2026-05-19 07:55:27.855028+00,ACTIVE,f,,,,,,,,,,51290357-c583-47ba-9c42-b49a51838f9a,v1.0,t,,
51661fc6-df78-4aa5-b86c-fab9cbf20fb3,0e340b04-9763-439e-9ac2-45b866d60bcc,,,,ov-usd-bucket,Library/Asset/MBD_SMT/VT_610M_II/VT_610M_II.usd,Library/Asset/MBD_SMT,thumbnails/20260516-Snipaste_2026-05-16_12-35-24.png,,2026-05-05 03:13:36.72587+00,2026-05-21 09:26:42.97166+00,ACTIVE,f,,,,,,,,,,51661fc6-df78-4aa5-b86c-fab9cbf20fb3,v1.0,t,,
5274e1b7-5e58-404a-9b57-f1be86da64e5,641e88ad-9cf5-49b5-a857-e05a015bd154,,,,ov-usd-bucket,Library/Asset/Machine/CT_BNCZSDRJ/CT_BNCZSDRJ.usd,Library/Asset/Machine,thumbnails/default_equipment_thumbnail_picture.png,,2026-05-19 07:55:27.855028+00,2026-05-19 07:55:27.855028+00,ACTIVE,f,,,,,,,,,,5274e1b7-5e58-404a-9b57-f1be86da64e5,v1.0,t,,
5548f5cd-8887-4ebf-bdbd-573acc100ce5,0a0b24af-426c-4e6b-a399-663e304caa8e,,,,ov-usd-bucket,Library/Asset/MBD_OrchidBay/ORCHIDBAY_ASSEMBLY/ORCHIDBAY_ASSEMBLY.usd,Library/Asset/MBD_OrchidBay,thumbnails/default_equipment_thumbnail_picture.png,,2026-05-07 09:12:34.571504+00,2026-05-07 09:12:34.571504+00,ACTIVE,f,,,,,,,,,,5548f5cd-8887-4ebf-bdbd-573acc100ce5,v1.0,t,,
56d9d7fc-de59-4acd-8e84-c30522ff6eb1,103ab5fe-2a2b-44bb-ada3-89b5b6c4bb07,,,,ov-usd-bucket,Library/Asset/Machine/CT_BNCZSTPM/CT_BNCZSTPM.usd,Library/Asset/Machine,thumbnails/default_equipment_thumbnail_picture.png,,2026-05-19 07:55:27.855028+00,2026-05-19 07:55:27.855028+00,ACTIVE,f,,,,,,,,,,56d9d7fc-de59-4acd-8e84-c30522ff6eb1,v1.0,t,,
5781391a-9012-4332-9a9f-fab0bfb15c1d,e701f103-52fa-4ef9-a0c6-61d67894be65,,,,ov-usd-bucket,Library/Asset/Machine/CT_BNCCSHMF/CT_BNCCSHMF.usd,Library/Asset/Machine,thumbnails/default_equipment_thumbnail_picture.png,,2026-05-19 07:55:27.855028+00,2026-05-19 07:55:27.855028+00,ACTIVE,f,,,,,,,,,,5781391a-9012-4332-9a9f-fab0bfb15c1d,v1.0,t,,
578d3e70-19d1-4efc-8220-e2b00fc309ca,a1a61536-c5f2-4f94-8ca2-de107bebb162,,,,ov-usd-bucket,Library/Asset/Machine/TR7700L_SIII/TR7700L_SIII.usd,Library/Asset/Machine,thumbnails/default_equipment_thumbnail_picture.png,,2026-05-19 07:55:27.855028+00,2026-05-19 07:55:27.855028+00,ACTIVE,f,,,,,,,,,,578d3e70-19d1-4efc-8220-e2b00fc309ca,v1.0,t,,
5806257f-1824-4c1e-a371-6711284d48d1,1015375a-7926-4694-bfcd-9a8535d6efc4,,,,ov-usd-bucket,Library/Asset/Machine/SBC_200A/SBC_200A.usd,Library/Asset/Machine,thumbnails/default_equipment_thumbnail_picture.png,,2026-05-19 07:55:27.855028+00,2026-05-19 07:55:27.855028+00,ACTIVE,f,,,,,,,,,,5806257f-1824-4c1e-a371-6711284d48d1,v1.0,t,,
598e210a-ce84-41a1-9c78-4de2481f70a4,63bed8b4-b5f3-4593-9cb9-e56fca4312b1,,,,ov-usd-bucket,Library/Asset/Machine/CT_HCM548CNTSC12_R/CT_HCM548CNTSC12_R.usd,Library/Asset/Machine,thumbnails/default_equipment_thumbnail_picture.png,,2026-05-19 07:55:27.855028+00,2026-05-19 07:55:27.855028+00,ACTIVE,f,,,,,,,,,,598e210a-ce84-41a1-9c78-4de2481f70a4,v1.0,t,,
5d742625-30e7-4fbe-92dc-46dcba38aec0,e3a3951d-b5b7-4240-b425-da5277f420d8,,,,ov-usd-bucket,Library/Asset/HST_Dis_Assy_Sub/CT_HOUCCSYZ_1/CT_HOUCCSYZ_1.usd,Library/Asset/HST_Dis_Assy_Sub,thumbnails/default_equipment_thumbnail_picture.png,,2026-05-19 06:54:38.469855+00,2026-05-19 06:54:38.469855+00,ACTIVE,f,,,,,,,,,,5d742625-30e7-4fbe-92dc-46dcba38aec0,v1.0,t,,
61f54a0c-eaf5-4729-a336-ddf66403748f,7377c4d9-a8c3-4870-9064-d804f889ad0b,,,,ov-usd-bucket,Library/Asset/Machine/V810i_S2_XLT/V810i_S2_XLT.usd,Library/Asset/Machine,thumbnails/default_equipment_thumbnail_picture.png,,2026-05-19 07:55:27.855028+00,2026-05-19 07:55:27.855028+00,ACTIVE,f,,,,,,,,,,61f54a0c-eaf5-4729-a336-ddf66403748f,v1.0,t,,
63091374-77a8-4a66-8d27-395e0d7574bc,df0310d2-9a19-414a-95ae-823f268c6c4a,,,,ov-usd-bucket,Library/Asset/Machine/CT_HBNCZSCPSC1/CT_HBNCZSCPSC1.usd,Library/Asset/Machine,thumbnails/default_equipment_thumbnail_picture.png,,2026-05-19 07:55:27.855028+00,2026-05-19 07:55:27.855028+00,ACTIVE,f,,,,,,,,,,63091374-77a8-4a66-8d27-395e0d7574bc,v1.0,t,,
64575c37-3dd1-4f6f-99af-e96ebc10989c,4661b789-bfb1-48ee-9592-a7c66e69ad5e,,,,ov-usd-bucket,Library/Asset/HST_Dis_Assy_Sub/CT_HOUCCSLD/CT_HOUCCSLD.usd,Library/Asset/HST_Dis_Assy_Sub,thumbnails/default_equipment_thumbnail_picture.png,,2026-05-19 06:54:38.469855+00,2026-05-19 06:54:38.469855+00,ACTIVE,f,,,,,,,,,,64575c37-3dd1-4f6f-99af-e96ebc10989c,v1.0,t,,
64ecbeb8-72e1-49c4-b959-40b766e330cd,dae922f2-10dc-4682-8037-28fc84b9d253,,,,ov-usd-bucket,Library/Asset/HST_PTH/CT_HOP9ZJJ/CT_HOP9ZJJ.usd,Library/Asset/HST_PTH,thumbnails/default_equipment_thumbnail_picture.png,,2026-05-19 07:11:35.399963+00,2026-05-19 07:11:35.399963+00,ACTIVE,f,,,,,,,,,,64ecbeb8-72e1-49c4-b959-40b766e330cd,v1.0,t,,
66d16fa7-a251-4d71-8907-580b2109cb36,7ffb38e2-599e-405d-8586-33eebd7f6627,,,,ov-usd-bucket,Library/Asset/Machine/CT_HOP9PCBZZJ/CT_HOP9PCBZZJ.usd,Library/Asset/Machine,thumbnails/default_equipment_thumbnail_picture.png,,2026-05-19 07:55:27.855028+00,2026-05-19 07:55:27.855028+00,ACTIVE,f,,,,,,,,,,66d16fa7-a251-4d71-8907-580b2109cb36,v1.0,t,,
66d2bbeb-ae24-4d2a-824b-731ceb44b4ed,c0daaf58-e928-460d-b4b6-f599d5f2ad56,,,,ov-usd-bucket,Library/Asset/Machine/LZ2404013_02_00A/LZ2404013_02_00A.usd,Library/Asset/Machine,thumbnails/default_equipment_thumbnail_picture.png,,2026-05-19 07:55:27.855028+00,2026-05-19 07:55:27.855028+00,ACTIVE,f,,,,,,,,,,66d2bbeb-ae24-4d2a-824b-731ceb44b4ed,v1.0,t,,
6703a59a-b2de-49bd-bb8c-4f5414256a40,edeaade8-2eab-4573-bba5-6b886d2b1574,,,,ov-usd-bucket,Library/Asset/MBD_OrchidBay/FSP_ScrewFastening/FSP_ScrewFastening.usd,Library/Asset/MBD_OrchidBay,thumbnails/default_equipment_thumbnail_picture.png,,2026-05-07 09:12:34.571504+00,2026-05-21 09:26:42.97166+00,ACTIVE,f,,,,,,,,,,6703a59a-b2de-49bd-bb8c-4f5414256a40,v1.0,t,,
67f9274b-40d4-452d-96ac-b08703e0ccc1,de32ce7d-1363-4630-9fb3-3bc65757363b,,,,ov-usd-bucket,Library/Asset/MBD_PACK/packingbox/packingbox.usd,Library/Asset/MBD_PACK,thumbnails/20260516-Snipaste_2026-05-16_12-38-44.png,,2026-05-06 06:50:11.27645+00,2026-05-16 04:38:58.980248+00,ACTIVE,f,,,,,,,,,,67f9274b-40d4-452d-96ac-b08703e0ccc1,v1.0,t,,
689103e9-1d26-411b-9cf3-d1a5cbbff757,615f179c-d958-4f73-b439-781a50f65f5c,,,,ov-usd-bucket,Library/Asset/MBD_OrchidBay/AOI_IF/AOI_IF.usd,Library/Asset/MBD_OrchidBay,thumbnails/default_equipment_thumbnail_picture.png,,2026-05-07 09:12:34.571504+00,2026-05-21 09:26:42.97166+00,ACTIVE,f,,,,,,,,,,689103e9-1d26-411b-9cf3-d1a5cbbff757,v1.0,t,,
68ab0ea8-d97f-49cf-b406-40edf62ad623,945a35c4-cbcf-404a-b8c3-8ae9c2d89947,,,,ov-usd-bucket,Library/Asset/MBD_Orchid/Remove_Screws_Flip/Remove_Screws_Flip.usd,Library/Asset/MBD_Orchid,thumbnails/default_equipment_thumbnail_picture.png,,2026-05-07 09:06:57.268981+00,2026-05-21 09:26:42.97166+00,ACTIVE,f,,,,,,,,,,68ab0ea8-d97f-49cf-b406-40edf62ad623,v1.0,t,,
690b2d41-d17d-41c4-9049-c5451bb41ef7,49605f72-436e-40d8-9006-dbd6c9c23621,,,,ov-usd-bucket,Library/Asset/MBD_VN/LBS_MPO/LBS_MPO.usd,Library/Asset/MBD_VN,thumbnails/default_equipment_thumbnail_picture.png,,2026-05-06 06:58:42.47232+00,2026-05-06 06:58:42.47232+00,ACTIVE,f,,,,,,,,,,690b2d41-d17d-41c4-9049-c5451bb41ef7,v1.0,t,,
6999385e-4500-4d88-a065-97346a6e43ab,4068c8ad-dfe2-4e50-b61f-f3ce1e7e292f,,,,ov-usd-bucket,Library/Asset/Machine/CT_BNCZSIOB/CT_BNCZSIOB.usd,Library/Asset/Machine,thumbnails/default_equipment_thumbnail_picture.png,,2026-05-19 07:55:27.855028+00,2026-05-19 07:55:27.855028+00,ACTIVE,f,,,,,,,,,,6999385e-4500-4d88-a065-97346a6e43ab,v1.0,t,,
6a829ebc-3ebd-4afd-830d-b55ba4a68373,7be1bdf8-600f-4bf8-96be-712d111303f0,,,,ov-usd-bucket,Library/Asset/Machine/CT_HOUM548TPSL_R/CT_HOUM548TPSL_R.usd,Library/Asset/Machine,thumbnails/default_equipment_thumbnail_picture.png,,2026-05-19 07:55:27.855028+00,2026-05-19 07:55:27.855028+00,ACTIVE,f,,,,,,,,,,6a829ebc-3ebd-4afd-830d-b55ba4a68373,v1.0,t,,
6b03fc79-f8d8-4dd9-a785-7f2606a1c692,b0671be9-b4f0-4919-abe9-78d2c6e46e9f,,,,ov-usd-bucket,Library/Asset/MBD_VN/MMC/MMC.usd,Library/Asset/MBD_VN,thumbnails/default_equipment_thumbnail_picture.png,,2026-05-06 06:58:42.47232+00,2026-05-06 06:58:42.47232+00,ACTIVE,f,,,,,,,,,,6b03fc79-f8d8-4dd9-a785-7f2606a1c692,v1.0,t,,
6c6d1407-1da0-4d7b-9dec-c71de6157bdf,279c7cab-d299-4fe6-afd8-bbabbdee82f7,,,,ov-usd-bucket,Library/Asset/Machine/CT_BNCZSIOBSC/CT_BNCZSIOBSC.usd,Library/Asset/Machine,thumbnails/default_equipment_thumbnail_picture.png,,2026-05-19 07:55:27.855028+00,2026-05-19 07:55:27.855028+00,ACTIVE,f,,,,,,,,,,6c6d1407-1da0-4d7b-9dec-c71de6157bdf,v1.0,t,,
6d2a93ee-b2d8-4151-b628-16046523842d,f95ca39b-76b6-406d-83e0-dd592b458e36,,,,ov-usd-bucket,Library/Asset/Machine/CT_HBNCZSSL/CT_HBNCZSSL.usd,Library/Asset/Machine,thumbnails/default_equipment_thumbnail_picture.png,,2026-05-19 07:55:27.855028+00,2026-05-19 07:55:27.855028+00,ACTIVE,f,,,,,,,,,,6d2a93ee-b2d8-4151-b628-16046523842d,v1.0,t,,
708a05ba-da00-4779-9e61-60bd1a8cbf61,8ab4ac41-569b-45a2-aab4-cc4a8270d177,,,,ov-usd-bucket,Library/Asset/Machine/CT_BNCZMYZJ_02/CT_BNCZMYZJ_02.usd,Library/Asset/Machine,thumbnails/default_equipment_thumbnail_picture.png,,2026-05-19 07:55:27.855028+00,2026-05-19 07:55:27.855028+00,ACTIVE,f,,,,,,,,,,708a05ba-da00-4779-9e61-60bd1a8cbf61,v1.0,t,,
70a112bb-33bf-4116-a1cc-75d6f233c6af,83cba01c-4b6b-4475-b2bc-f7d6e73f52a5,,,,ov-usd-bucket,Library/Asset/Machine/CT_HCM548BSSC20_R/CT_HCM548BSSC20_R.usd,Library/Asset/Machine,thumbnails/default_equipment_thumbnail_picture.png,,2026-05-19 07:55:27.855028+00,2026-05-19 07:55:27.855028+00,ACTIVE,f,,,,,,,,,,70a112bb-33bf-4116-a1cc-75d6f233c6af,v1.0,t,,
70b75038-48ea-4fc4-8a58-7eb2347c71e9,ade2afb8-ffd5-4748-92f7-b0e755bed34d,,,,ov-usd-bucket,Library/Asset/MBD_Orchid/PCB_BOARD_AOI/PCB_BOARD_AOI.usd,Library/Asset/MBD_Orchid,thumbnails/default_equipment_thumbnail_picture.png,,2026-05-07 09:06:57.268981+00,2026-05-21 09:26:42.97166+00,ACTIVE,f,,,,,,,,,,70b75038-48ea-4fc4-8a58-7eb2347c71e9,v1.0,t,,
70ef8cb3-a034-416c-a639-c0200bb0240d,0505b206-1c59-49c0-a6da-42dfb549f8ff,,,,ov-usd-bucket,Library/Asset/Machine/CT_HCM548TS1_R/CT_HCM548TS1_R.usd,Library/Asset/Machine,thumbnails/default_equipment_thumbnail_picture.png,,2026-05-19 07:55:27.855028+00,2026-05-19 07:55:27.855028+00,ACTIVE,f,,,,,,,,,,70ef8cb3-a034-416c-a639-c0200bb0240d,v1.0,t,,
71c7bfc7-326a-4142-b343-9604cfa4e73d,14cd8d98-ffba-4bbf-9fec-8190190c8ee3,,,,ov-usd-bucket,Library/Asset/Machine/CT_HBNCZSBP/CT_HBNCZSBP.usd,Library/Asset/Machine,thumbnails/default_equipment_thumbnail_picture.png,,2026-05-19 07:55:27.855028+00,2026-05-19 07:55:27.855028+00,ACTIVE,f,,,,,,,,,,71c7bfc7-326a-4142-b343-9604cfa4e73d,v1.0,t,,
72b5940d-b741-4c89-a48a-c18a61872495,8eb3e55f-1805-477a-8258-0e5ea202c7c9,,,,ov-usd-bucket,Library/Asset/Machine/CT_TWNF09_15_Magazine/CT_TWNF09_15_Magazine.usd,Library/Asset/Machine,thumbnails/default_equipment_thumbnail_picture.png,,2026-05-19 07:55:27.855028+00,2026-05-19 07:55:27.855028+00,ACTIVE,f,,,,,,,,,,72b5940d-b741-4c89-a48a-c18a61872495,v1.0,t,,
72ca7a99-b282-4dd7-9b7d-28b45fc895c2,221d565d-c935-4e3c-8dc7-a1bf458c38e1,,,,ov-usd-bucket,Library/Asset/Machine/PF_Machine/PF_Machine.usd,Library/Asset/Machine,thumbnails/default_equipment_thumbnail_picture.png,,2026-05-19 07:55:27.855028+00,2026-05-19 07:55:27.855028+00,ACTIVE,f,,,,,,,,,,72ca7a99-b282-4dd7-9b7d-28b45fc895c2,v1.0,t,,
743f1c38-92d1-41f5-801d-310990ef5da1,8adeecf3-a6c5-419a-9997-0e5fde57d005,,,,ov-usd-bucket,Library/Asset/Machine/PG548_TEST_TRAY/PG548_TEST_TRAY.usd,Library/Asset/Machine,thumbnails/default_equipment_thumbnail_picture.png,,2026-05-19 07:55:27.855028+00,2026-05-19 07:55:27.855028+00,ACTIVE,f,,,,,,,,,,743f1c38-92d1-41f5-801d-310990ef5da1,v1.0,t,,
76180736-4074-4f93-ad2d-5161c5e1b62b,e1aea183-c07f-4604-a675-db4ed78cc61d,,,,ov-usd-bucket,Library/Asset/Machine/CT_TWNF09_13/CT_TWNF09_13.usd,Library/Asset/Machine,thumbnails/default_equipment_thumbnail_picture.png,,2026-05-19 07:55:27.855028+00,2026-05-19 07:55:27.855028+00,ACTIVE,f,,,,,,,,,,76180736-4074-4f93-ad2d-5161c5e1b62b,v1.0,t,,
7638a97d-9d50-41e8-86a2-5f40e6ea58e2,211018c2-ef34-4fff-b1e2-0b63034415bc,,,,ov-usd-bucket,Library/Asset/Machine/CT_HCM548DRJ2/CT_HCM548DRJ2.usd,Library/Asset/Machine,thumbnails/default_equipment_thumbnail_picture.png,,2026-05-19 07:55:27.855028+00,2026-05-19 07:55:27.855028+00,ACTIVE,f,,,,,,,,,,7638a97d-9d50-41e8-86a2-5f40e6ea58e2,v1.0,t,,
77471419-f146-4bec-95b6-77fdcdadedb6,61ba2482-699f-4994-b070-d107bcb31567,,,,ov-usd-bucket,Library/Asset/MBD_SMT/VCO_C80L/VCO_C80L.usd,Library/Asset/MBD_SMT,thumbnails/20260516-VCO_C80L.png,,2026-05-05 03:13:36.72587+00,2026-05-21 09:26:42.97166+00,ACTIVE,f,,,,,,,,,,77471419-f146-4bec-95b6-77fdcdadedb6,v1.0,t,,
77a78e5d-2617-4b1a-aba7-c79425ebcab3,49f07603-ae01-400d-9b1a-f31fb9045b0c,,,,ov-usd-bucket,Library/Asset/Machine/SBC_100A/SBC_100A.usd,Library/Asset/Machine,thumbnails/default_equipment_thumbnail_picture.png,,2026-05-19 07:55:27.855028+00,2026-05-19 07:55:27.855028+00,ACTIVE,f,,,,,,,,,,77a78e5d-2617-4b1a-aba7-c79425ebcab3,v1.0,t,,
789f0e3e-bcc9-4ee1-beee-f73d98df7498,7d8bb5fe-8322-4089-9dac-4966de717d8d,,,,ov-usd-bucket,Library/Asset/MBD_VN/Fibertray/Fibertray.usd,Library/Asset/MBD_VN,thumbnails/20260519-Snipaste_2026-05-19_14-24-05.png,,2026-05-06 06:58:42.47232+00,2026-05-19 06:24:29.733099+00,ACTIVE,f,,,,,,,,,,789f0e3e-bcc9-4ee1-beee-f73d98df7498,v1.0,t,,
7a04259f-424e-40ea-aab1-795290501022,2ab6a6ef-b4d4-4af0-85fc-5f0a8d155b02,,,,ov-usd-bucket,Library/Asset/Machine/CT_HOP9SSJ/CT_HOP9SSJ.usd,Library/Asset/Machine,thumbnails/default_equipment_thumbnail_picture.png,,2026-05-19 07:55:27.855028+00,2026-05-19 07:55:27.855028+00,ACTIVE,f,,,,,,,,,,7a04259f-424e-40ea-aab1-795290501022,v1.0,t,,
7af58fb0-2ea2-4b7f-a16f-847be75d5ad8,74ae760c-e0ea-4d6f-ae42-beae8a3394e5,,,,ov-usd-bucket,Library/Asset/MBD_OrchidBay/SFG_DFL02/SFG_DFL02.usd,Library/Asset/MBD_OrchidBay,thumbnails/default_equipment_thumbnail_picture.png,,2026-05-07 09:12:34.571504+00,2026-05-21 09:26:42.97166+00,ACTIVE,f,,,,,,,,,,7af58fb0-2ea2-4b7f-a16f-847be75d5ad8,v1.0,t,,
7dfaa58f-e509-44fe-850a-a5f7371876b5,1f2feb2a-db52-4533-8bf0-4fe5d67a602a,,,,ov-usd-bucket,Library/Asset/Machine/CT_HCM548SFL25_R/CT_HCM548SFL25_R.usd,Library/Asset/Machine,thumbnails/default_equipment_thumbnail_picture.png,,2026-05-19 07:55:27.855028+00,2026-05-19 07:55:27.855028+00,ACTIVE,f,,,,,,,,,,7dfaa58f-e509-44fe-850a-a5f7371876b5,v1.0,t,,
7e442ea3-7c22-400d-99b0-e22a328d76cd,2a86d7e8-acde-46a3-8119-590f87a2d2c0,,,,ov-usd-bucket,Library/Asset/Machine/8300_32SLC/8300_32SLC.usd,Library/Asset/Machine,thumbnails/default_equipment_thumbnail_picture.png,,2026-05-19 07:55:27.855028+00,2026-05-19 07:55:27.855028+00,ACTIVE,f,,,,,,,,,,7e442ea3-7c22-400d-99b0-e22a328d76cd,v1.0,t,,
7e781deb-eee1-4bea-8a66-962ea49e66ad,934843bb-83d9-4235-b100-83275dbfa64d,,,,ov-usd-bucket,Library/Asset/MBD_VN/E01_Flippingtray004/E01_Flippingtray004.usd,Library/Asset/MBD_VN,thumbnails/default_equipment_thumbnail_picture.png,,2026-05-06 06:58:42.47232+00,2026-05-06 06:58:42.47232+00,ACTIVE,f,,,,,,,,,,7e781deb-eee1-4bea-8a66-962ea49e66ad,v1.0,t,,
7edfc40b-010a-4e4e-acb8-ecf94b495f0e,0bdd6979-cf06-4813-a5d4-2e190615ecaa,,,,ov-usd-bucket,Library/Asset/MBD_PACK/Packing_01/Packing_01.usd,Library/Asset/MBD_PACK,thumbnails/20260516-Snipaste_2026-05-16_12-36-04.png,,2026-05-06 06:50:11.27645+00,2026-05-21 09:26:42.97166+00,ACTIVE,f,,,,,,,,,,7edfc40b-010a-4e4e-acb8-ecf94b495f0e,v1.0,t,,
7eed28be-cfc9-4b16-8362-f3d609ac80a0,e66b3747-b1ec-4966-ace6-b68b197565d5,,,,ov-usd-bucket,Library/Asset/Machine/Test_Assy_Roller0248/Test_Assy_Roller0248.usd,Library/Asset/Machine,thumbnails/default_equipment_thumbnail_picture.png,,2026-05-19 07:55:27.855028+00,2026-05-19 07:55:27.855028+00,ACTIVE,f,,,,,,,,,,7eed28be-cfc9-4b16-8362-f3d609ac80a0,v1.0,t,,
7f1cd83c-bf21-42a7-b64b-15c6fda162ad,d57292bf-83c4-4431-83b3-c188bd44c87a,,,,ov-usd-bucket,Library/Asset/MBD_SMT/VT_360SAM_P/VT_360SAM_P.usd,Library/Asset/MBD_SMT,thumbnails/20260516-VT_360SAM_P.png,,2026-05-05 03:13:36.72587+00,2026-05-21 09:26:42.97166+00,ACTIVE,f,,,,,,,,,,7f1cd83c-bf21-42a7-b64b-15c6fda162ad,v1.0,t,,
7f90d528-636b-4d74-b648-084055fa2b2f,ab0e23d9-14c9-40af-87e1-bce72221164f,,,,ov-usd-bucket,Library/Asset/Machine/CT_HBNCZMCVRG/CT_HBNCZMCVRG.usd,Library/Asset/Machine,thumbnails/default_equipment_thumbnail_picture.png,,2026-05-19 07:55:27.855028+00,2026-05-19 07:55:27.855028+00,ACTIVE,f,,,,,,,,,,7f90d528-636b-4d74-b648-084055fa2b2f,v1.0,t,,
800b767b-a44d-4cca-89d7-f9100d69bfd9,ca0605e8-31b6-4edc-8c83-f1a38a5dbc1b,,,,ov-usd-bucket,Library/Asset/HST_PTH/CT_HOP9SLJ/CT_HOP9SLJ.usd,Library/Asset/HST_PTH,thumbnails/default_equipment_thumbnail_picture.png,,2026-05-19 07:11:35.399963+00,2026-05-19 07:11:35.399963+00,ACTIVE,f,,,,,,,,,,800b767b-a44d-4cca-89d7-f9100d69bfd9,v1.0,t,,
81451407-bbf6-4287-b218-498266b09834,bfcc681e-fa41-4404-a648-218159dbb5ac,,,,ov-usd-bucket,Library/Asset/Machine/CT_HOUM548DRJ2/CT_HOUM548DRJ2.usd,Library/Asset/Machine,thumbnails/default_equipment_thumbnail_picture.png,,2026-05-19 07:55:27.855028+00,2026-05-19 07:55:27.855028+00,ACTIVE,f,,,,,,,,,,81451407-bbf6-4287-b218-498266b09834,v1.0,t,,
8207ef1f-9df0-46f7-b016-41f99a14f20a,d3a5f1cb-163c-4587-895e-b3071b5127f9,,,,ov-usd-bucket,Library/Asset/Machine/CT_TWNF10_07_A00_09/CT_TWNF10_07_A00_09.usd,Library/Asset/Machine,thumbnails/default_equipment_thumbnail_picture.png,,2026-05-19 07:55:27.855028+00,2026-05-19 07:55:27.855028+00,ACTIVE,f,,,,,,,,,,8207ef1f-9df0-46f7-b016-41f99a14f20a,v1.0,t,,
825e6628-ca56-434e-a173-b632cb9f6b57,e5f354fb-b7c3-407f-b808-0ff8e84bed15,,,,ov-usd-bucket,Library/Asset/MBD_OrchidBay/SFG_DFL01/SFG_DFL01.usd,Library/Asset/MBD_OrchidBay,thumbnails/default_equipment_thumbnail_picture.png,,2026-05-07 09:12:34.571504+00,2026-05-21 09:26:42.97166+00,ACTIVE,f,,,,,,,,,,825e6628-ca56-434e-a173-b632cb9f6b57,v1.0,t,,
83cda1a4-499c-444f-a005-b13f2c3756c5,5cbc99d2-240d-40a9-adb5-02fce3ab051a,,,,ov-usd-bucket,Library/Asset/Machine/NeoHorizon_03ix/NeoHorizon_03ix.usd,Library/Asset/Machine,thumbnails/default_equipment_thumbnail_picture.png,,2026-05-19 07:55:27.855028+00,2026-05-19 07:55:27.855028+00,ACTIVE,f,,,,,,,,,,83cda1a4-499c-444f-a005-b13f2c3756c5,v1.0,t,,
85880acd-78c7-466c-9773-d13d966a3564,a42d312c-a794-4ec6-9f50-221e344ea8b9,,,,ov-usd-bucket,Library/Asset/MBD_SMT/JET8800TB27/JET8800TB27.usd,Library/Asset/MBD_SMT,thumbnails/20260516-JET8800TB27.png,,2026-05-05 03:13:36.72587+00,2026-05-21 11:40:10.064597+00,ACTIVE,f,,,,,,,,,,85880acd-78c7-466c-9773-d13d966a3564,v1.0,t,,
859c2325-c63d-4daf-a40b-fadc63464f70,e28b06d3-a90d-462c-9403-9d6de5670d95,,,,ov-usd-bucket,Library/Asset/Machine/CT_HOUM548TPSL_L/CT_HOUM548TPSL_L.usd,Library/Asset/Machine,thumbnails/default_equipment_thumbnail_picture.png,,2026-05-19 07:55:27.855028+00,2026-05-19 07:55:27.855028+00,ACTIVE,f,,,,,,,,,,859c2325-c63d-4daf-a40b-fadc63464f70,v1.0,t,,
85d0e7ef-3a50-47cb-89f2-f4428eff0a9a,95a90d49-3f3d-449e-80f6-1f7ad54cbce9,,,,ov-usd-bucket,Library/Asset/SORTING/CT_SORTROLLER/CT_SORTROLLER.usd,Library/Asset/SORTING,thumbnails/default_equipment_thumbnail_picture.png,,2026-05-22 01:35:02.194805+00,2026-05-22 01:35:02.194805+00,ACTIVE,f,,,,,,,,,,85d0e7ef-3a50-47cb-89f2-f4428eff0a9a,v1.0,t,,
85ed7c11-3d4e-44b7-9c89-ff29c69e11db,8fa7060a-657f-4c89-a7b8-2a25d6e2138f,,,,ov-usd-bucket,Library/Asset/MBD_VN/E02_TOPELSFP/E02_TOPELSFP.usd,Library/Asset/MBD_VN,thumbnails/default_equipment_thumbnail_picture.png,,2026-05-06 06:58:42.47232+00,2026-05-21 09:26:42.97166+00,ACTIVE,f,,,,,,,,,,85ed7c11-3d4e-44b7-9c89-ff29c69e11db,v1.0,t,,
869cd37a-048a-41f2-832f-35578e8265cc,3c7b88fe-17c1-4aca-b722-721dcf2ce7b0,,,,ov-usd-bucket,Library/Asset/Machine/MSS_L_T3F3/MSS_L_T3F3.usd,Library/Asset/Machine,thumbnails/default_equipment_thumbnail_picture.png,,2026-05-19 07:55:27.855028+00,2026-05-19 07:55:27.855028+00,ACTIVE,f,,,,,,,,,,869cd37a-048a-41f2-832f-35578e8265cc,v1.0,t,,
8752e4b4-417b-4db8-9572-a36b8c5140a3,96f9f986-e715-4468-b170-435c8647bf57,,,,ov-usd-bucket,Library/Asset/MBD_SMT/IJETC7L/IJETC7L.usd,Library/Asset/MBD_SMT,thumbnails/20260508-微信图片_20260507155339_14_126.png,,2026-05-05 03:13:36.72587+00,2026-05-21 09:26:42.97166+00,ACTIVE,f,,,,,,,,,,8752e4b4-417b-4db8-9572-a36b8c5140a3,v1.0,t,,
876146d1-512c-4268-9253-2873f309083a,d10e8b8a-2455-40c8-a10f-c9ff8367c1a1,,,,ov-usd-bucket,Library/Asset/MBD_VN/ELSFP/ELSFP.usd,Library/Asset/MBD_VN,thumbnails/default_equipment_thumbnail_picture.png,,2026-05-06 06:58:42.47232+00,2026-05-06 06:58:42.47232+00,ACTIVE,f,,,,,,,,,,876146d1-512c-4268-9253-2873f309083a,v1.0,t,,
8a08190c-1141-4c4e-b58f-3889bb213e45,8e3ecd43-650b-4b95-9a38-303de2ea8fc9,,,,ov-usd-bucket,Library/Asset/MBD_OrchidBay/Front_FA/Front_FA.usd,Library/Asset/MBD_OrchidBay,thumbnails/default_equipment_thumbnail_picture.png,,2026-05-07 09:12:34.571504+00,2026-05-21 09:26:42.97166+00,ACTIVE,f,,,,,,,,,,8a08190c-1141-4c4e-b58f-3889bb213e45,v1.0,t,,
8b1cd1b8-5984-4c34-9ed9-2a73fb1901ec,1e35c0dc-99aa-4dbb-b495-e5cf2e1eee22,,,,ov-usd-bucket,Library/Asset/Machine/CT_HOUM548DRJBF/CT_HOUM548DRJBF.usd,Library/Asset/Machine,thumbnails/default_equipment_thumbnail_picture.png,,2026-05-19 07:55:27.855028+00,2026-05-19 07:55:27.855028+00,ACTIVE,f,,,,,,,,,,8b1cd1b8-5984-4c34-9ed9-2a73fb1901ec,v1.0,t,,
8b463bfc-c897-46b9-bf14-3b90852ffee9,c810dd88-8b75-4335-9496-49d06a3fc62f,,,,ov-usd-bucket,Library/Asset/MBD_PACK/Packing_05/Packing_05.usd,Library/Asset/MBD_PACK,thumbnails/20260516-Snipaste_2026-05-16_12-37-13.png,,2026-05-06 06:50:11.27645+00,2026-05-21 09:26:42.97166+00,ACTIVE,f,,,,,,,,,,8b463bfc-c897-46b9-bf14-3b90852ffee9,v1.0,t,,
8b705cf6-ce0b-4c11-91b1-921689edd095,8bc2c453-b232-4717-ad02-ecaa5200c38a,,,,ov-usd-bucket,Library/Asset/Machine/CT_TWNF09_14/CT_TWNF09_14.usd,Library/Asset/Machine,thumbnails/default_equipment_thumbnail_picture.png,,2026-05-19 07:55:27.855028+00,2026-05-19 07:55:27.855028+00,ACTIVE,f,,,,,,,,,,8b705cf6-ce0b-4c11-91b1-921689edd095,v1.0,t,,
8b84516e-8114-45f5-b83e-d80ffaf2f768,4478cd93-46ed-4f75-8d9c-70abb1e4b75a,,,,ov-usd-bucket,Library/Asset/HST_PACK/CT_HOPBFWX2/CT_HOPBFWX2.usd,Library/Asset/HST_PACK,thumbnails/default_equipment_thumbnail_picture.png,,2026-05-19 06:51:59.123683+00,2026-05-19 06:51:59.123683+00,ACTIVE,f,,,,,,,,,,8b84516e-8114-45f5-b83e-d80ffaf2f768,v1.0,t,,
8b94db77-c030-4073-a479-6a1b3cc19787,55fdc731-68ff-4346-bbbc-27a48f2ced82,,,,ov-usd-bucket,Library/Asset/MBD_Orchid/Remove_WCPAI/Remove_WCPAI.usd,Library/Asset/MBD_Orchid,thumbnails/default_equipment_thumbnail_picture.png,,2026-05-07 09:06:57.268981+00,2026-05-21 09:26:42.97166+00,ACTIVE,f,,,,,,,,,,8b94db77-c030-4073-a479-6a1b3cc19787,v1.0,t,,
8bafa7e8-56f0-4306-85b7-5d5f3736e7d6,28b9b19d-4788-4865-a612-3ba0452094fc,,,,ov-usd-bucket,Library/Asset/HST_PTH/CT_PTH_RS_TBL/CT_PTH_RS_TBL.usd,Library/Asset/HST_PTH,thumbnails/default_equipment_thumbnail_picture.png,,2026-05-19 07:11:35.399963+00,2026-05-19 07:11:35.399963+00,ACTIVE,f,,,,,,,,,,8bafa7e8-56f0-4306-85b7-5d5f3736e7d6,v1.0,t,,
8d56a91f-b16f-4381-8979-1dde2d7c459d,485abeab-0315-4e63-bfd8-95bde785d477,,,,ov-usd-bucket,Library/Asset/HST_PACK/CT_HOPBHM/CT_HOPBHM.usd,Library/Asset/HST_PACK,thumbnails/default_equipment_thumbnail_picture.png,,2026-05-19 06:51:59.123683+00,2026-05-19 06:51:59.123683+00,ACTIVE,f,,,,,,,,,,8d56a91f-b16f-4381-8979-1dde2d7c459d,v1.0,t,,
8f238f0e-dbfb-4079-9b36-265b498ae9af,23874995-0caa-4dce-b15d-5a98110b7659,,,,ov-usd-bucket,Library/Asset/Machine/Conveyor_80cm/Conveyor_80cm.usd,Library/Asset/Machine,thumbnails/default_equipment_thumbnail_picture.png,,2026-05-19 07:55:27.855028+00,2026-05-19 07:55:27.855028+00,ACTIVE,f,,,,,,,,,,8f238f0e-dbfb-4079-9b36-265b498ae9af,v1.0,t,,
8fcb42cd-1f8e-4989-a676-23409378bda8,1bda69ad-1593-4ba3-95fd-a99a4e8cdde1,,,,ov-usd-bucket,Library/Asset/HST_ASRS/MYTSJH000/MYTSJH000.usd,Library/Asset/HST_ASRS,thumbnails/default_equipment_thumbnail_picture.png,,2026-05-21 11:39:27.413971+00,2026-05-21 11:39:27.413971+00,ACTIVE,f,,,,,,,,,,8fcb42cd-1f8e-4989-a676-23409378bda8,v1.0,t,,
90918e6d-854c-4ee1-841e-a2dff7d7d2b8,35baedfb-0384-4225-a546-2bba18f28652,,,,ov-usd-bucket,Library/Asset/Machine/CT_BNCZSMD/CT_BNCZSMD.usd,Library/Asset/Machine,thumbnails/default_equipment_thumbnail_picture.png,,2026-05-19 07:55:27.855028+00,2026-05-19 07:55:27.855028+00,ACTIVE,f,,,,,,,,,,90918e6d-854c-4ee1-841e-a2dff7d7d2b8,v1.0,t,,
91180fa6-bfc9-4975-8e1f-211be16f1b4a,1905498a-8087-4339-aa7a-67d74b383d91,,,,ov-usd-bucket,Library/Asset/Machine/CT_BNCZSPCBSC/CT_BNCZSPCBSC.usd,Library/Asset/Machine,thumbnails/default_equipment_thumbnail_picture.png,,2026-05-19 07:55:27.855028+00,2026-05-19 07:55:27.855028+00,ACTIVE,f,,,,,,,,,,91180fa6-bfc9-4975-8e1f-211be16f1b4a,v1.0,t,,
91309dd1-7757-4d23-8de0-807637200a05,a3c4e45a-d189-459e-9900-856a0b140a32,,,,ov-usd-bucket,Library/Asset/MBD_PACK/packingpan/packingpan.usd,Library/Asset/MBD_PACK,thumbnails/20260516-Snipaste_2026-05-16_12-39-09.png,,2026-05-06 06:50:11.27645+00,2026-05-16 04:39:20.265355+00,ACTIVE,f,,,,,,,,,,91309dd1-7757-4d23-8de0-807637200a05,v1.0,t,,
93d64d07-df75-4f3a-a3f3-20d88e47a3fc,7f0be4c8-58ee-4e96-9f70-84ba5bc3ab99,,,,ov-usd-bucket,Library/Asset/HST_PACK/CT_HST_Pack_Trolley/CT_HST_Pack_Trolley.usd,Library/Asset/HST_PACK,thumbnails/default_equipment_thumbnail_picture.png,,2026-05-19 06:51:59.123683+00,2026-05-19 06:51:59.123683+00,ACTIVE,f,,,,,,,,,,93d64d07-df75-4f3a-a3f3-20d88e47a3fc,v1.0,t,,
9a27b510-c73f-4df9-9c23-7b41d6e472b9,b1caeff9-df07-4ce6-854c-76c6f175a12c,,,,ov-usd-bucket,Library/Asset/MBD_PACK/Packing_02/Packing_02.usd,Library/Asset/MBD_PACK,thumbnails/20260516-Snipaste_2026-05-16_12-36-22.png,,2026-05-06 06:50:11.27645+00,2026-05-21 09:26:42.97166+00,ACTIVE,f,,,,,,,,,,9a27b510-c73f-4df9-9c23-7b41d6e472b9,v1.0,t,,
9e477691-c191-40ad-93e9-d58f439d9a2c,8120b127-e25f-47c1-a607-d51f828ffd27,,,,ov-usd-bucket,Library/Asset/MBD_OrchidBay/SFG_IGR/SFG_IGR.usd,Library/Asset/MBD_OrchidBay,thumbnails/default_equipment_thumbnail_picture.png,,2026-05-07 09:12:34.571504+00,2026-05-21 09:26:42.97166+00,ACTIVE,f,,,,,,,,,,9e477691-c191-40ad-93e9-d58f439d9a2c,v1.0,t,,
9e76feda-a2db-49d5-8132-0ab564230db9,ebe56f3d-13af-4f74-9a27-880c3bc4a954,,,,ov-usd-bucket,Library/Asset/MBD_VN/E07_CSMTOPCOLLING/E07_CSMTOPCOLLING.usd,Library/Asset/MBD_VN,thumbnails/default_equipment_thumbnail_picture.png,,2026-05-06 06:58:42.47232+00,2026-05-21 09:26:42.97166+00,ACTIVE,f,,,,,,,,,,9e76feda-a2db-49d5-8132-0ab564230db9,v1.0,t,,
9e7e6310-3495-468f-ade2-28583542079e,8774bda2-4336-4eea-ad9d-aeba52ed9691,,,,ov-usd-bucket,Library/Asset/MBD_SMT/TR7500L_SIII/TR7500L_SIII.usd,Library/Asset/MBD_SMT,thumbnails/20260516-Snipaste_2026-05-16_12-32-52.png,,2026-05-05 03:13:36.72587+00,2026-05-21 09:26:42.97166+00,ACTIVE,f,,,,,,,,,,9e7e6310-3495-468f-ade2-28583542079e,v1.0,t,,
9ed4b642-c26c-491c-816f-9e818bb70549,85675bbc-6569-4444-87a1-a9382045efa4,,,,ov-usd-bucket,Library/Asset/MBD_VN/E01_1AOIScrewFasten/E01_1AOIScrewFasten.usd,Library/Asset/MBD_VN,thumbnails/20260519-Snipaste_2026-05-19_14-26-09.png,,2026-05-06 06:58:42.47232+00,2026-05-19 06:26:24.898539+00,ACTIVE,f,,,,,,,,,,9ed4b642-c26c-491c-816f-9e818bb70549,v1.0,t,,
9ee86c61-5f07-4ba7-b29b-e4a1b43e8c25,eb668cdc-c24c-42ac-b1de-7880f0c92e96,,,,ov-usd-bucket,Library/Asset/Machine/TR8100_LV/TR8100_LV.usd,Library/Asset/Machine,thumbnails/default_equipment_thumbnail_picture.png,,2026-05-19 07:55:27.855028+00,2026-05-19 07:55:27.855028+00,ACTIVE,f,,,,,,,,,,9ee86c61-5f07-4ba7-b29b-e4a1b43e8c25,v1.0,t,,
9f7f55c6-4f94-4886-a718-63a15c6eff65,fe48d01f-2b80-4827-bfa3-ff01359636e4,,,,ov-usd-bucket,Library/Asset/HST_PTH/CT_HOP9CZJ/CT_HOP9CZJ.usd,Library/Asset/HST_PTH,thumbnails/default_equipment_thumbnail_picture.png,,2026-05-19 07:11:35.399963+00,2026-05-19 07:11:35.399963+00,ACTIVE,f,,,,,,,,,,9f7f55c6-4f94-4886-a718-63a15c6eff65,v1.0,t,,
9fd8794c-1631-45d9-9c8d-96d744035db1,be33bb18-a93f-411d-8fae-6cf5a7bddf0e,,,,ov-usd-bucket,Library/Asset/Machine/HOTFLOW_3_26_XL/HOTFLOW_3_26_XL.usd,Library/Asset/Machine,thumbnails/default_equipment_thumbnail_picture.png,,2026-05-19 07:55:27.855028+00,2026-05-19 07:55:27.855028+00,ACTIVE,f,,,,,,,,,,9fd8794c-1631-45d9-9c8d-96d744035db1,v1.0,t,,
a07b32b3-994c-4d89-bd3f-ffc696a84555,4e935bc1-d7b2-4d2d-b891-c230b00c2486,,,,ov-usd-bucket,Library/Asset/MBD_Orchid/Remove_Screws/Remove_Screws.usd,Library/Asset/MBD_Orchid,thumbnails/default_equipment_thumbnail_picture.png,,2026-05-07 09:06:57.268981+00,2026-05-21 09:26:42.97166+00,ACTIVE,f,,,,,,,,,,a07b32b3-994c-4d89-bd3f-ffc696a84555,v1.0,t,,
a1e7f600-f6af-45c2-b059-8cf48cb0208e,1241cee7-9608-4da5-b4ea-4def5ecda283,,,,ov-usd-bucket,Library/Asset/MBD_VN/X8VFICassettes/X8VFICassettes.usd,Library/Asset/MBD_VN,thumbnails/default_equipment_thumbnail_picture.png,,2026-05-06 06:58:42.47232+00,2026-05-21 09:26:42.97166+00,ACTIVE,f,,,,,,,,,,a1e7f600-f6af-45c2-b059-8cf48cb0208e,v1.0,t,,
a2428395-d5c4-4a80-b23f-3c6ed8d510c7,cbcf45e0-cbfe-4287-bb2a-0cbf8460f6f5,,,,ov-usd-bucket,Library/Asset/HST_Dis_Assy_Sub/CT_HOUCCSHMF/CT_HOUCCSHMF.usd,Library/Asset/HST_Dis_Assy_Sub,thumbnails/default_equipment_thumbnail_picture.png,,2026-05-19 06:54:38.469855+00,2026-05-19 06:54:38.469855+00,ACTIVE,f,,,,,,,,,,a2428395-d5c4-4a80-b23f-3c6ed8d510c7,v1.0,t,,
a3866a55-5500-431c-9ea1-81a03db212f7,8f5072b2-91b8-4ed3-ad81-859d1ab50c62,,,,ov-usd-bucket,Library/Asset/MBD_PACK/roll_02/roll_02.usd,Library/Asset/MBD_PACK,thumbnails/20260516-Snipaste_2026-05-16_12-39-49.png,,2026-05-06 06:50:11.27645+00,2026-05-21 09:26:42.97166+00,ACTIVE,f,,,,,,,,,,a3866a55-5500-431c-9ea1-81a03db212f7,v1.0,t,,
a3c67e95-8c39-45df-8d79-d850381a7313,7d64cd6b-ac62-44bc-9527-69576b90bd15,,,,ov-usd-bucket,Library/Asset/Machine/Panasonic_NPM_W2/Panasonic_NPM_W2.usd,Library/Asset/Machine,thumbnails/default_equipment_thumbnail_picture.png,,2026-05-19 07:55:27.855028+00,2026-05-19 07:55:27.855028+00,ACTIVE,f,,,,,,,,,,a3c67e95-8c39-45df-8d79-d850381a7313,v1.0,t,,
a413c5b5-428f-47ad-acde-0296e38b72ee,ce2d039e-6e01-4890-bd31-b78d61052629,,,,ov-usd-bucket,Library/Asset/Machine/20241_Du/20241_Du.usd,Library/Asset/Machine,thumbnails/default_equipment_thumbnail_picture.png,,2026-05-19 07:55:27.855028+00,2026-05-19 07:55:27.855028+00,ACTIVE,f,,,,,,,,,,a413c5b5-428f-47ad-acde-0296e38b72ee,v1.0,t,,
a4e24916-4d36-432e-bfb9-bc8a88868ea2,3e67a6d3-2dad-4245-9af3-e4ce3b3c2abf,,,,ov-usd-bucket,Library/Asset/HST_ASRS/GTX28000000/GTX28000000.usd,Library/Asset/HST_ASRS,thumbnails/default_equipment_thumbnail_picture.png,,2026-05-21 11:39:27.413971+00,2026-05-21 11:39:27.413971+00,ACTIVE,f,,,,,,,,,,a4e24916-4d36-432e-bfb9-bc8a88868ea2,v1.0,t,,
a4fdcc0b-7b48-4fd1-b293-e3b2cacd280b,39c628ab-fdd2-4064-967c-998e70ceff68,,,,ov-usd-bucket,Library/Asset/HST_Dis_Assy_Sub/CT_HOUCCSCP/CT_HOUCCSCP.usd,Library/Asset/HST_Dis_Assy_Sub,thumbnails/default_equipment_thumbnail_picture.png,,2026-05-19 06:54:38.469855+00,2026-05-19 06:54:38.469855+00,ACTIVE,f,,,,,,,,,,a4fdcc0b-7b48-4fd1-b293-e3b2cacd280b,v1.0,t,,
a527f813-aa10-4e13-b7c7-69e12b5e48f1,9f57032a-4544-42ed-a27b-c4e7c65fac0e,,,,ov-usd-bucket,Library/Asset/Machine/HVC_300/HVC_300.usd,Library/Asset/Machine,thumbnails/default_equipment_thumbnail_picture.png,,2026-05-19 07:55:27.855028+00,2026-05-19 07:55:27.855028+00,ACTIVE,f,,,,,,,,,,a527f813-aa10-4e13-b7c7-69e12b5e48f1,v1.0,t,,
a76b8ca6-b5b7-4d7d-89cf-8d61fa151b0a,f6e0f207-5a07-4f57-82a4-bc3a3f8a6fb1,,,,ov-usd-bucket,Library/Asset/Machine/CT_HBNCZSZJ/CT_HBNCZSZJ.usd,Library/Asset/Machine,thumbnails/default_equipment_thumbnail_picture.png,,2026-05-19 07:55:27.855028+00,2026-05-19 07:55:27.855028+00,ACTIVE,f,,,,,,,,,,a76b8ca6-b5b7-4d7d-89cf-8d61fa151b0a,v1.0,t,,
a941f453-3663-43ce-bc75-4e645ae15af3,d47b9c32-1430-4c1f-baea-2627d869b71b,,,,ov-usd-bucket,Library/Asset/Machine/CT_BNCZSCPSC1/CT_BNCZSCPSC1.usd,Library/Asset/Machine,thumbnails/default_equipment_thumbnail_picture.png,,2026-05-19 07:55:27.855028+00,2026-05-19 07:55:27.855028+00,ACTIVE,f,,,,,,,,,,a941f453-3663-43ce-bc75-4e645ae15af3,v1.0,t,,
ab41e9ab-7120-413a-a9de-7bf5ac729533,6082c0cf-86d2-4ac9-97bc-d03d977c08d5,,,,ov-usd-bucket,Library/Asset/MBD_PACK/roll_zx02/roll_zx02.usd,Library/Asset/MBD_PACK,thumbnails/20260516-Snipaste_2026-05-16_12-41-54.png,,2026-05-06 06:50:11.27645+00,2026-05-16 04:42:00.621496+00,ACTIVE,f,,,,,,,,,,ab41e9ab-7120-413a-a9de-7bf5ac729533,v1.0,t,,
ac1143e8-1150-46f5-9e7a-2c9fdc09d23f,431a881c-0985-4a44-951d-178b0e0b0c99,,,,ov-usd-bucket,Library/Asset/MBD_PACK/Packing_04/Packing_04.usd,Library/Asset/MBD_PACK,thumbnails/20260516-Snipaste_2026-05-16_12-36-56.png,,2026-05-06 06:50:11.27645+00,2026-05-21 09:26:42.97166+00,ACTIVE,f,,,,,,,,,,ac1143e8-1150-46f5-9e7a-2c9fdc09d23f,v1.0,t,,
adf7f51f-300a-47f0-afcb-eaacdeed4413,b033787a-394f-492d-8b2c-7ad484a1c8e8,,,,ov-usd-bucket,Library/Asset/Machine/Table_ManualWork/Table_ManualWork.usd,Library/Asset/Machine,thumbnails/default_equipment_thumbnail_picture.png,,2026-05-19 07:55:27.855028+00,2026-05-19 07:55:27.855028+00,ACTIVE,f,,,,,,,,,,adf7f51f-300a-47f0-afcb-eaacdeed4413,v1.0,t,,
ae41a899-a200-4730-a360-e0dadb598520,90db598d-7484-45f6-b0e3-ffe1ce4c052e,,,,ov-usd-bucket,Library/Asset/Machine/CT_HBNCZMLD/CT_HBNCZMLD.usd,Library/Asset/Machine,thumbnails/default_equipment_thumbnail_picture.png,,2026-05-19 07:55:27.855028+00,2026-05-19 07:55:27.855028+00,ACTIVE,f,,,,,,,,,,ae41a899-a200-4730-a360-e0dadb598520,v1.0,t,,
b0266bf8-d800-4ca7-84a8-f6a00a40730b,4e72caa5-1a4a-44bc-aa75-c7eaa4719c3b,,,,ov-usd-bucket,Library/Asset/Machine/CT_HOUM548ZPRL_02/CT_HOUM548ZPRL_02.usd,Library/Asset/Machine,thumbnails/default_equipment_thumbnail_picture.png,,2026-05-19 07:55:27.855028+00,2026-05-19 07:55:27.855028+00,ACTIVE,f,,,,,,,,,,b0266bf8-d800-4ca7-84a8-f6a00a40730b,v1.0,t,,
b04c1068-552c-47e9-a8a5-1dd2cb5b4970,ad8b5d36-640e-47b9-a4d2-ed380aebd653,,,,ov-usd-bucket,Library/Asset/Machine/CT_HCM548ZPRL/CT_HCM548ZPRL.usd,Library/Asset/Machine,thumbnails/default_equipment_thumbnail_picture.png,,2026-05-19 07:55:27.855028+00,2026-05-19 07:55:27.855028+00,ACTIVE,f,,,,,,,,,,b04c1068-552c-47e9-a8a5-1dd2cb5b4970,v1.0,t,,
b132c4d1-11b8-434b-b5c1-cac2bd926b7a,49b7e054-bb2b-459a-9a0c-387a3e978344,,,,ov-usd-bucket,Library/Asset/Machine/TR7700L_QH_SII/TR7700L_QH_SII.usd,Library/Asset/Machine,thumbnails/default_equipment_thumbnail_picture.png,,2026-05-19 07:55:27.855028+00,2026-05-19 07:55:27.855028+00,ACTIVE,f,,,,,,,,,,b132c4d1-11b8-434b-b5c1-cac2bd926b7a,v1.0,t,,
b2950008-a23c-43bf-91e5-df6c2dd74e0d,58c9789f-f8b9-4f32-8c9f-f8ec07129732,,,,ov-usd-bucket,Library/Asset/HST_PTH/CT_HOP9LSSJ_D/CT_HOP9LSSJ_D.usd,Library/Asset/HST_PTH,thumbnails/default_equipment_thumbnail_picture.png,,2026-05-19 07:11:35.399963+00,2026-05-19 07:11:35.399963+00,ACTIVE,f,,,,,,,,,,b2950008-a23c-43bf-91e5-df6c2dd74e0d,v1.0,t,,
b3b239da-a72c-489f-9251-207720232ee5,82928855-5d8a-4132-8b6a-4c5094c3e6fa,,,,ov-usd-bucket,Library/Asset/MBD_VN/MPOMMCVFI/MPOMMCVFI.usd,Library/Asset/MBD_VN,thumbnails/default_equipment_thumbnail_picture.png,,2026-05-06 06:58:42.47232+00,2026-05-21 09:26:42.97166+00,ACTIVE,f,,,,,,,,,,b3b239da-a72c-489f-9251-207720232ee5,v1.0,t,,
b4978b06-5af4-49f7-9a58-d902ec082f41,005ea1bb-ac2c-46ac-95bb-b89ffee0028a,,,,ov-usd-bucket,Library/Asset/Machine/CT_HBNCZSHMF/CT_HBNCZSHMF.usd,Library/Asset/Machine,thumbnails/default_equipment_thumbnail_picture.png,,2026-05-19 07:55:27.855028+00,2026-05-19 07:55:27.855028+00,ACTIVE,f,,,,,,,,,,b4978b06-5af4-49f7-9a58-d902ec082f41,v1.0,t,,
b7a43696-813d-4179-b7a8-f6571b1c9b0a,5501953a-bdbe-4336-b252-01a17423caf7,,,,ov-usd-bucket,Library/Asset/Machine/ZM_XC1000A/ZM_XC1000A.usd,Library/Asset/Machine,thumbnails/default_equipment_thumbnail_picture.png,,2026-05-19 07:55:27.855028+00,2026-05-19 07:55:27.855028+00,ACTIVE,f,,,,,,,,,,b7a43696-813d-4179-b7a8-f6571b1c9b0a,v1.0,t,,
b8fe73d3-fc89-4ecf-b853-87bc1b155043,6e441a72-b292-4213-9f43-f08d32dfe821,,,,ov-usd-bucket,Library/Asset/Machine/CT_BNCZSCP/CT_BNCZSCP.usd,Library/Asset/Machine,thumbnails/default_equipment_thumbnail_picture.png,,2026-05-19 07:55:27.855028+00,2026-05-19 07:55:27.855028+00,ACTIVE,f,,,,,,,,,,b8fe73d3-fc89-4ecf-b853-87bc1b155043,v1.0,t,,
b9542936-76f9-4502-8556-13ceaf686602,14549505-5f40-4a9f-b63d-a60a2bacb485,,,,ov-usd-bucket,Library/Asset/Machine/CT_HBNCZSCP/CT_HBNCZSCP.usd,Library/Asset/Machine,thumbnails/default_equipment_thumbnail_picture.png,,2026-05-19 07:55:27.855028+00,2026-05-19 07:55:27.855028+00,ACTIVE,f,,,,,,,,,,b9542936-76f9-4502-8556-13ceaf686602,v1.0,t,,
ba2e1ff8-e441-4e28-9339-0bbd44d1017c,4858dd60-536b-4d46-ae36-e35d22706687,,,,ov-usd-bucket,Library/Asset/MBD_Orchid/PCBA_ScrewFastening/PCBA_ScrewFastening.usd,Library/Asset/MBD_Orchid,thumbnails/default_equipment_thumbnail_picture.png,,2026-05-07 09:06:57.268981+00,2026-05-21 09:26:42.97166+00,ACTIVE,f,,,,,,,,,,ba2e1ff8-e441-4e28-9339-0bbd44d1017c,v1.0,t,,
bb6a34a4-5010-4d59-a8aa-fd2f9d454b38,127c7c3c-5014-4a4f-b449-a34b7178ad50,,,,ov-usd-bucket,Library/Asset/Machine/CT_HOP9WTB/CT_HOP9WTB.usd,Library/Asset/Machine,thumbnails/default_equipment_thumbnail_picture.png,,2026-05-19 07:55:27.855028+00,2026-05-19 07:55:27.855028+00,ACTIVE,f,,,,,,,,,,bb6a34a4-5010-4d59-a8aa-fd2f9d454b38,v1.0,t,,
bb7de90f-a9d4-4650-9a54-4fa23e325868,cc5ebc88-b6f4-4d67-8134-d64f3cc5b8b7,,,,ov-usd-bucket,Library/Asset/Machine/Fuzion_OF1_14/Fuzion_OF1_14.usd,Library/Asset/Machine,thumbnails/default_equipment_thumbnail_picture.png,,2026-05-19 07:55:27.855028+00,2026-05-19 07:55:27.855028+00,ACTIVE,f,,,,,,,,,,bb7de90f-a9d4-4650-9a54-4fa23e325868,v1.0,t,,
bbd6d007-184d-4149-89f1-72f2da39bf1e,10a183b7-4773-4f76-acd3-f93ebab7b8fb,,,,ov-usd-bucket,Library/Asset/Machine/SVP_750/SVP_750.usd,Library/Asset/Machine,thumbnails/default_equipment_thumbnail_picture.png,,2026-05-19 07:55:27.855028+00,2026-05-19 07:55:27.855028+00,ACTIVE,f,,,,,,,,,,bbd6d007-184d-4149-89f1-72f2da39bf1e,v1.0,t,,
bc6e0afc-f308-4f42-ad13-d82d74eef764,2045e11e-3e5a-4c5e-8b2a-61999ec05e2d,,,,ov-usd-bucket,Library/Asset/Machine/CT_BNCZMCV_02/CT_BNCZMCV_02.usd,Library/Asset/Machine,thumbnails/default_equipment_thumbnail_picture.png,,2026-05-19 07:55:27.855028+00,2026-05-19 07:55:27.855028+00,ACTIVE,f,,,,,,,,,,bc6e0afc-f308-4f42-ad13-d82d74eef764,v1.0,t,,
bc6e3775-f1bb-4094-b027-6e977bba1d90,5aa46757-ecf8-4e69-badb-fa67fae06ec9,,,,ov-usd-bucket,Library/Asset/Machine/CT_HCM548YH11_R/CT_HCM548YH11_R.usd,Library/Asset/Machine,thumbnails/default_equipment_thumbnail_picture.png,,2026-05-19 07:55:27.855028+00,2026-05-19 07:55:27.855028+00,ACTIVE,f,,,,,,,,,,bc6e3775-f1bb-4094-b027-6e977bba1d90,v1.0,t,,
bc8b00ab-7731-4b11-8713-cdc42714f998,56d6e99a-e086-44c2-a81d-c5335107694e,,,,ov-usd-bucket,Library/Asset/MBD_OrchidBay/ManualStation/ManualStation.usd,Library/Asset/MBD_OrchidBay,thumbnails/default_equipment_thumbnail_picture.png,,2026-05-07 09:12:34.571504+00,2026-05-07 09:12:34.571504+00,ACTIVE,f,,,,,,,,,,bc8b00ab-7731-4b11-8713-cdc42714f998,v1.0,t,,
bcb91b63-51d2-4ee2-aacb-34fb2e681ff9,cc046971-c440-4c9a-9992-eddd195a801d,,,,ov-usd-bucket,Library/Asset/MBD_PACK/Packing_09/Packing_09.usd,Library/Asset/MBD_PACK,thumbnails/20260516-Snipaste_2026-05-16_12-38-26.png,,2026-05-06 06:50:11.27645+00,2026-05-21 09:26:42.97166+00,ACTIVE,f,,,,,,,,,,bcb91b63-51d2-4ee2-aacb-34fb2e681ff9,v1.0,t,,
bde03eed-7ea6-4def-9c73-c79be3781943,17a21fda-264b-478a-8b12-ac2984061552,,,,ov-usd-bucket,Library/Asset/HST_Dis_Assy_Sub/CT_HOUCCSCPSC/CT_HOUCCSCPSC.usd,Library/Asset/HST_Dis_Assy_Sub,thumbnails/default_equipment_thumbnail_picture.png,,2026-05-19 06:54:38.469855+00,2026-05-19 06:54:38.469855+00,ACTIVE,f,,,,,,,,,,bde03eed-7ea6-4def-9c73-c79be3781943,v1.0,t,,
be433db9-bb61-44a4-b255-321a4476c6f6,0ff19418-becd-4e95-bbc6-3834dab7a23e,,,,ov-usd-bucket,Library/Asset/MBD_OrchidBay/BorderLoading/BorderLoading.usd,Library/Asset/MBD_OrchidBay,thumbnails/default_equipment_thumbnail_picture.png,,2026-05-07 09:12:34.571504+00,2026-05-21 09:26:42.97166+00,ACTIVE,f,,,,,,,,,,be433db9-bb61-44a4-b255-321a4476c6f6,v1.0,t,,
be80fd6e-8e10-4686-8e56-16b0875d798a,0ddc9a5f-441d-4d49-aac9-537c7b9cb8af,,,,ov-usd-bucket,Library/Asset/MBD_SMT/EMA2064/EMA2064.usd,Library/Asset/MBD_SMT,thumbnails/20260516-EMA2-64.png,,2026-05-05 03:13:36.72587+00,2026-05-21 11:40:10.064597+00,ACTIVE,f,,,,,,,,,,be80fd6e-8e10-4686-8e56-16b0875d798a,v1.0,t,,
bfdc1c3f-96ef-46d7-a049-3ddb05af0936,e5230e7e-0cfb-4771-8827-49cc1ae1dd84,,,,ov-usd-bucket,Library/Asset/Machine/CT_BNCZMLD/CT_BNCZMLD.usd,Library/Asset/Machine,thumbnails/default_equipment_thumbnail_picture.png,,2026-05-19 07:55:27.855028+00,2026-05-19 07:55:27.855028+00,ACTIVE,f,,,,,,,,,,bfdc1c3f-96ef-46d7-a049-3ddb05af0936,v1.0,t,,
bfdc8d3e-7c1f-4890-a115-692e8bf72b50,f20c0eb6-5deb-4c1b-b76a-72a4459f3eea,,,,ov-usd-bucket,Library/Asset/SORTING/CT_SORTRT/CT_SORTRT.usd,Library/Asset/SORTING,thumbnails/default_equipment_thumbnail_picture.png,,2026-05-22 01:35:02.194805+00,2026-05-22 01:35:02.194805+00,ACTIVE,f,,,,,,,,,,bfdc8d3e-7c1f-4890-a115-692e8bf72b50,v1.0,t,,
c0605c88-2c96-447f-b0f9-e6bab8209b5d,29c762e5-5cb1-4736-a17e-b0fdb05a3ff6,,,,ov-usd-bucket,Library/Asset/HST_PTH/CT_HOP9ZZJ/CT_HOP9ZZJ.usd,Library/Asset/HST_PTH,thumbnails/default_equipment_thumbnail_picture.png,,2026-05-19 07:11:35.399963+00,2026-05-19 07:11:35.399963+00,ACTIVE,f,,,,,,,,,,c0605c88-2c96-447f-b0f9-e6bab8209b5d,v1.0,t,,
c065e82d-3c02-409b-84b1-ffa9f03af1be,ef13b2c6-ff27-4fcf-922c-875683df7d00,,,,ov-usd-bucket,Library/Asset/MBD_VN/CT_SORTCV/CT_SORTCV.usd,Library/Asset/MBD_VN,thumbnails/20260519-Snipaste_2026-05-19_14-24-57.png,,2026-05-06 06:58:42.47232+00,2026-05-21 09:26:42.97166+00,ACTIVE,f,,,,,,,,,,c065e82d-3c02-409b-84b1-ffa9f03af1be,v1.0,t,,
c250fea9-fbf4-48a1-b263-749cb78041f5,90011644-a7d4-4b3d-bd97-5d9fe0b81e3b,,,,ov-usd-bucket,Library/Asset/SORTING/CT_SORTROLLB/CT_SORTROLLB.usd,Library/Asset/SORTING,thumbnails/default_equipment_thumbnail_picture.png,,2026-05-22 01:35:02.194805+00,2026-05-22 01:35:02.194805+00,ACTIVE,f,,,,,,,,,,c250fea9-fbf4-48a1-b263-749cb78041f5,v1.0,t,,
c35e490e-decd-41f0-a9ff-f807ca54308b,30320733-1de9-4ea6-b17a-69ae731e3e01,,,,ov-usd-bucket,Library/Asset/Machine/TR7600F3D_SII/TR7600F3D_SII.usd,Library/Asset/Machine,thumbnails/default_equipment_thumbnail_picture.png,,2026-05-19 07:55:27.855028+00,2026-05-19 07:55:27.855028+00,ACTIVE,f,,,,,,,,,,c35e490e-decd-41f0-a9ff-f807ca54308b,v1.0,t,,
c3811927-1f58-4254-9a92-770c4a88705e,32ec7d44-5c26-48ed-87a1-b6843f02e990,,,,ov-usd-bucket,Library/Asset/Machine/Portwell_Rack_6U/Portwell_Rack_6U.usd,Library/Asset/Machine,thumbnails/default_equipment_thumbnail_picture.png,,2026-05-19 07:55:27.855028+00,2026-05-19 07:55:27.855028+00,ACTIVE,f,,,,,,,,,,c3811927-1f58-4254-9a92-770c4a88705e,v1.0,t,,
c3c653da-9556-4ebd-be7a-8022a1c9b69a,63b9d8b4-41e1-4a33-8fe3-68884b8e79c3,,,,ov-usd-bucket,Library/Asset/Machine/CT_TWNF10_10_00/CT_TWNF10_10_00.usd,Library/Asset/Machine,thumbnails/default_equipment_thumbnail_picture.png,,2026-05-19 07:55:27.855028+00,2026-05-19 07:55:27.855028+00,ACTIVE,f,,,,,,,,,,c3c653da-9556-4ebd-be7a-8022a1c9b69a,v1.0,t,,
c4ed0428-234e-4fcb-b956-4f66bd8f6bae,5316471e-2ef5-43e6-8ed2-b39283dae0fd,,,,ov-usd-bucket,Library/Asset/HST_PTH/CT_HOP9LSSJ_S/CT_HOP9LSSJ_S.usd,Library/Asset/HST_PTH,thumbnails/default_equipment_thumbnail_picture.png,,2026-05-19 07:11:35.399963+00,2026-05-19 07:11:35.399963+00,ACTIVE,f,,,,,,,,,,c4ed0428-234e-4fcb-b956-4f66bd8f6bae,v1.0,t,,
c4fd5866-1f45-410b-abb0-b1c9c7adc9da,7bf753d8-8dfa-4b61-bbdb-c5acbe7e558f,,,,ov-usd-bucket,Library/Asset/Machine/CT_1055/CT_1055.usd,Library/Asset/Machine,thumbnails/default_equipment_thumbnail_picture.png,,2026-05-19 07:55:27.855028+00,2026-05-19 07:55:27.855028+00,ACTIVE,f,,,,,,,,,,c4fd5866-1f45-410b-abb0-b1c9c7adc9da,v1.0,t,,
c5f8e759-fa1a-4f94-8da8-77869a73ea44,f42e4f2c-6183-4750-b63a-7b978adb7755,,,,ov-usd-bucket,Library/Asset/HST_PACK/CT_HOPBWST/CT_HOPBWST.usd,Library/Asset/HST_PACK,thumbnails/default_equipment_thumbnail_picture.png,,2026-05-19 06:51:59.123683+00,2026-05-19 06:51:59.123683+00,ACTIVE,f,,,,,,,,,,c5f8e759-fa1a-4f94-8da8-77869a73ea44,v1.0,t,,
c612f740-3638-47ab-a08e-fb1dbbc98549,cfbba53e-1d17-438e-a663-788575580f15,,,,ov-usd-bucket,Library/Asset/MBD_SMT/Hand_Table_6MM/Hand_Table_6MM.usd,Library/Asset/MBD_SMT,thumbnails/20260508-微信图片_20260507155318_13_126.png,,2026-05-05 03:13:36.72587+00,2026-05-21 09:26:42.97166+00,ACTIVE,f,,,,,,,,,,c612f740-3638-47ab-a08e-fb1dbbc98549,v1.0,t,,
c6332ecd-772c-4aa9-8c17-26e3071732f1,0ced258b-d512-42dc-9513-f1a8f5b44f73,,,,ov-usd-bucket,Library/Asset/Machine/CT_HCM548HM/CT_HCM548HM.usd,Library/Asset/Machine,thumbnails/default_equipment_thumbnail_picture.png,,2026-05-19 07:55:27.855028+00,2026-05-19 07:55:27.855028+00,ACTIVE,f,,,,,,,,,,c6332ecd-772c-4aa9-8c17-26e3071732f1,v1.0,t,,
c671cb2f-60d5-472f-aa11-8f05c989ed64,6decf66a-397c-4cd0-89f4-ada32fffd9fd,,,,ov-usd-bucket,Library/Asset/Machine/CT_HCM548HM_R/CT_HCM548HM_R.usd,Library/Asset/Machine,thumbnails/default_equipment_thumbnail_picture.png,,2026-05-19 07:55:27.855028+00,2026-05-19 07:55:27.855028+00,ACTIVE,f,,,,,,,,,,c671cb2f-60d5-472f-aa11-8f05c989ed64,v1.0,t,,
c68293d0-fcba-4b46-ae16-7f8390991bfd,0e3791f7-af77-4e1a-890b-f41b0a1fc700,,,,ov-usd-bucket,Library/Asset/Machine/CT_HOUM548TS1/CT_HOUM548TS1.usd,Library/Asset/Machine,thumbnails/default_equipment_thumbnail_picture.png,,2026-05-19 07:55:27.855028+00,2026-05-19 07:55:27.855028+00,ACTIVE,f,,,,,,,,,,c68293d0-fcba-4b46-ae16-7f8390991bfd,v1.0,t,,
c7089dfb-a83a-40b5-8d11-11d12e616d12,d2af78df-fdfd-4ded-abe1-6f02c0226b29,,,,ov-usd-bucket,Library/Asset/Machine/CT_TWNF10_09_00/CT_TWNF10_09_00.usd,Library/Asset/Machine,thumbnails/default_equipment_thumbnail_picture.png,,2026-05-19 07:55:27.855028+00,2026-05-19 07:55:27.855028+00,ACTIVE,f,,,,,,,,,,c7089dfb-a83a-40b5-8d11-11d12e616d12,v1.0,t,,
c83b8d5a-dfee-454c-9396-a0591bf6c635,dddaef54-09a0-40ff-8ec7-c24e5d554e02,,,,ov-usd-bucket,Library/Asset/Machine/CT_HOUM548FM/CT_HOUM548FM.usd,Library/Asset/Machine,thumbnails/default_equipment_thumbnail_picture.png,,2026-05-19 07:55:27.855028+00,2026-05-19 07:55:27.855028+00,ACTIVE,f,,,,,,,,,,c83b8d5a-dfee-454c-9396-a0591bf6c635,v1.0,t,,
c92755c6-2164-4cc4-9603-6dfc78ae8f63,1e2ab774-3f00-4fee-81e2-66bc39b0ebc5,,,,ov-usd-bucket,Library/Asset/MBD_SMT/PCT_RL/PCT_RL.usd,Library/Asset/MBD_SMT,thumbnails/20260516-PCT_RL.png,,2026-05-05 03:13:36.72587+00,2026-05-16 04:31:39.999987+00,ACTIVE,f,,,,,,,,,,c92755c6-2164-4cc4-9603-6dfc78ae8f63,v1.0,t,,
c9ae846c-10c7-471c-8f0a-92f8f5eff042,37726d31-b7c3-43b3-ac88-6c72afce9e3a,,,,ov-usd-bucket,Library/Asset/MBD_VN/X8CSMVFI/X8CSMVFI.usd,Library/Asset/MBD_VN,thumbnails/default_equipment_thumbnail_picture.png,,2026-05-06 06:58:42.47232+00,2026-05-21 09:26:42.97166+00,ACTIVE,f,,,,,,,,,,c9ae846c-10c7-471c-8f0a-92f8f5eff042,v1.0,t,,
ca445e3a-4acc-476b-9b49-4b0e0742bfc7,405ea1a9-ba71-499f-8c91-4bc058c30344,,,,ov-usd-bucket,Library/Asset/HST_PACK/CT_HOPBFWX1/CT_HOPBFWX1.usd,Library/Asset/HST_PACK,thumbnails/default_equipment_thumbnail_picture.png,,2026-05-19 06:51:59.123683+00,2026-05-19 06:51:59.123683+00,ACTIVE,f,,,,,,,,,,ca445e3a-4acc-476b-9b49-4b0e0742bfc7,v1.0,t,,
ca4f3928-4736-4097-bcaf-bfeaa6588cee,21f8cc63-a0bf-4ca5-b692-884165d6751b,,,,ov-usd-bucket,Library/Asset/Machine/CT_HCM548FM23_R/CT_HCM548FM23_R.usd,Library/Asset/Machine,thumbnails/default_equipment_thumbnail_picture.png,,2026-05-19 07:55:27.855028+00,2026-05-19 07:55:27.855028+00,ACTIVE,f,,,,,,,,,,ca4f3928-4736-4097-bcaf-bfeaa6588cee,v1.0,t,,
cb07e0e9-b8fc-4a0d-9b2f-93af642b0ea7,21dc36cc-8d02-4d14-9742-072cdf1ac162,,,,ov-usd-bucket,Library/Asset/Machine/CT_HCM548SFL25/CT_HCM548SFL25.usd,Library/Asset/Machine,thumbnails/default_equipment_thumbnail_picture.png,,2026-05-19 07:55:27.855028+00,2026-05-19 07:55:27.855028+00,ACTIVE,f,,,,,,,,,,cb07e0e9-b8fc-4a0d-9b2f-93af642b0ea7,v1.0,t,,
cc072655-c5ce-4aed-bb31-9a34cacd0ff9,449e9d39-ab08-4cfc-9980-df508fac1c6d,,,,ov-usd-bucket,Library/Asset/HST_Dis_Assy_Sub/CT_HOUCCSCX8/CT_HOUCCSCX8.usd,Library/Asset/HST_Dis_Assy_Sub,thumbnails/default_equipment_thumbnail_picture.png,,2026-05-19 06:54:38.469855+00,2026-05-19 06:54:38.469855+00,ACTIVE,f,,,,,,,,,,cc072655-c5ce-4aed-bb31-9a34cacd0ff9,v1.0,t,,
cc38493a-6e4c-45b8-b519-de1f4d2e01ef,95b4c6d5-7cf5-4efd-ab60-95b927394652,,,,ov-usd-bucket,Library/Asset/MBD_PACK/Packing_08/Packing_08.usd,Library/Asset/MBD_PACK,thumbnails/20260516-Snipaste_2026-05-16_12-38-10.png,,2026-05-06 06:50:11.27645+00,2026-05-21 09:26:42.97166+00,ACTIVE,f,,,,,,,,,,cc38493a-6e4c-45b8-b519-de1f4d2e01ef,v1.0,t,,
ce2cf1c1-6108-42af-b13b-c5b2d4819645,a29dac01-daf5-4e19-a4ae-25406638d8a3,,,,ov-usd-bucket,Library/Asset/MBD_OrchidBay/FPC_Assembly/FPC_Assembly.usd,Library/Asset/MBD_OrchidBay,thumbnails/default_equipment_thumbnail_picture.png,,2026-05-07 09:12:34.571504+00,2026-05-21 09:26:42.97166+00,ACTIVE,f,,,,,,,,,,ce2cf1c1-6108-42af-b13b-c5b2d4819645,v1.0,t,,
d040abfd-6528-42aa-8c2b-65a4af7d0213,2e0a4d20-5545-4390-a4e1-1b81dfc7c52e,,,,ov-usd-bucket,Library/Asset/MBD_VN/LBSMMC5M/LBSMMC5M.usd,Library/Asset/MBD_VN,thumbnails/default_equipment_thumbnail_picture.png,,2026-05-06 06:58:42.47232+00,2026-05-21 09:26:42.97166+00,ACTIVE,f,,,,,,,,,,d040abfd-6528-42aa-8c2b-65a4af7d0213,v1.0,t,,
d0fb5b0b-62fa-4521-a722-89026787a3cb,d0998a62-f74d-4f15-a774-82c482e080c2,,,,ov-usd-bucket,Library/Asset/Machine/CT_BNCZSBP/CT_BNCZSBP.usd,Library/Asset/Machine,thumbnails/default_equipment_thumbnail_picture.png,,2026-05-19 07:55:27.855028+00,2026-05-19 07:55:27.855028+00,ACTIVE,f,,,,,,,,,,d0fb5b0b-62fa-4521-a722-89026787a3cb,v1.0,t,,
d15fccfd-6f24-4d55-919f-a43d582d09ce,6d0ac676-52af-4619-99a6-731fe2ae31d4,,,,ov-usd-bucket,Library/Asset/HST_Dis_Assy_Sub/CT_HOUCCSIOBSC/CT_HOUCCSIOBSC.usd,Library/Asset/HST_Dis_Assy_Sub,thumbnails/default_equipment_thumbnail_picture.png,,2026-05-19 06:54:38.469855+00,2026-05-19 06:54:38.469855+00,ACTIVE,f,,,,,,,,,,d15fccfd-6f24-4d55-919f-a43d582d09ce,v1.0,t,,
d16e9cdc-5d7b-4d21-997f-ddc34a0e8bad,ee411c96-91d8-4e22-be17-b0f2e0214bfd,,,,ov-usd-bucket,Library/Asset/Machine/CT_BNCZSCPSC2/CT_BNCZSCPSC2.usd,Library/Asset/Machine,thumbnails/default_equipment_thumbnail_picture.png,,2026-05-19 07:55:27.855028+00,2026-05-19 07:55:27.855028+00,ACTIVE,f,,,,,,,,,,d16e9cdc-5d7b-4d21-997f-ddc34a0e8bad,v1.0,t,,
d2f661be-2dda-4b3f-a624-e2d4676f8e7d,ec4ad61e-bab2-44e8-a005-11c68b2c6a12,,,,ov-usd-bucket,Library/Asset/MBD_VN/CT_SORTTABLE/CT_SORTTABLE.usd,Library/Asset/MBD_VN,thumbnails/20260519-Snipaste_2026-05-19_14-25-31.png,,2026-05-06 06:58:42.47232+00,2026-05-21 09:26:42.97166+00,ACTIVE,f,,,,,,,,,,d2f661be-2dda-4b3f-a624-e2d4676f8e7d,v1.0,t,,
d314a77e-19bf-4125-84e8-8da0cca6fdc3,e0cc8a92-71fe-4527-9cf4-a0e138f9626a,,,,ov-usd-bucket,Library/Asset/HST_PACK/CT_HOPBMD/CT_HOPBMD.usd,Library/Asset/HST_PACK,thumbnails/default_equipment_thumbnail_picture.png,,2026-05-19 06:51:59.123683+00,2026-05-19 06:51:59.123683+00,ACTIVE,f,,,,,,,,,,d314a77e-19bf-4125-84e8-8da0cca6fdc3,v1.0,t,,
d38b1053-018d-4f20-ba41-385393b26ea5,56e46765-88a6-4c9b-9f74-b5fbf68b0f31,,,,ov-usd-bucket,Library/Asset/MBD_PACK/roll_03/roll_03.usd,Library/Asset/MBD_PACK,thumbnails/20260516-Snipaste_2026-05-16_12-40-10.png,,2026-05-06 06:50:11.27645+00,2026-05-21 09:26:42.97166+00,ACTIVE,f,,,,,,,,,,d38b1053-018d-4f20-ba41-385393b26ea5,v1.0,t,,
d68877cb-ca51-41e9-b2db-d228aec2f263,ffeb5fdd-d146-4275-a714-7e951e09eca7,,,,ov-usd-bucket,Library/Asset/HST_Dis_Assy_Sub/CT_HOUCCSSBP/CT_HOUCCSSBP.usd,Library/Asset/HST_Dis_Assy_Sub,thumbnails/default_equipment_thumbnail_picture.png,,2026-05-19 06:54:38.469855+00,2026-05-19 06:54:38.469855+00,ACTIVE,f,,,,,,,,,,d68877cb-ca51-41e9-b2db-d228aec2f263,v1.0,t,,
d6d90576-8b67-44a1-91eb-36a86b17cd38,169bf05a-4294-4365-8ac1-ddde81bed460,,,,ov-usd-bucket,Library/Asset/HST_ASRS/HST_ASRS_FRAME/HST_ASRS_FRAME.usd,Library/Asset/HST_ASRS,thumbnails/default_equipment_thumbnail_picture.png,,2026-05-21 11:39:27.413971+00,2026-05-21 11:39:27.413971+00,ACTIVE,f,,,,,,,,,,d6d90576-8b67-44a1-91eb-36a86b17cd38,v1.0,t,,
d8fa875d-1d8f-47f3-8ff3-ffc337639fff,df59751b-1cfc-407d-94b1-91cb2d51263b,,,,ov-usd-bucket,Library/Asset/MBD_SMT/SIV_200/SIV_200.usd,Library/Asset/MBD_SMT,thumbnails/20260516-SIV_200.png,,2026-05-05 03:13:36.72587+00,2026-05-21 09:26:42.97166+00,ACTIVE,f,,,,,,,,,,d8fa875d-1d8f-47f3-8ff3-ffc337639fff,v1.0,t,,
d9375865-1fc0-4608-af7b-404ff7c34ca6,16ce8805-3c2f-43c2-a871-e25db0b5e775,,,,ov-usd-bucket,Library/Asset/Machine/TR8100L_SII_INLINE/TR8100L_SII_INLINE.usd,Library/Asset/Machine,thumbnails/default_equipment_thumbnail_picture.png,,2026-05-19 07:55:27.855028+00,2026-05-19 07:55:27.855028+00,ACTIVE,f,,,,,,,,,,d9375865-1fc0-4608-af7b-404ff7c34ca6,v1.0,t,,
d9a4e774-00c5-4e6f-b48a-ebfca8ded56a,2f36981a-0a4b-4c31-b28d-3427131ef5e7,,,,ov-usd-bucket,Library/Asset/Machine/YSF_VEX6_YSF_VEX7/YSF_VEX6_YSF_VEX7.usd,Library/Asset/Machine,thumbnails/default_equipment_thumbnail_picture.png,,2026-05-19 07:55:27.855028+00,2026-05-19 07:55:27.855028+00,ACTIVE,f,,,,,,,,,,d9a4e774-00c5-4e6f-b48a-ebfca8ded56a,v1.0,t,,
da9a1890-d489-4460-b9ef-0854162a14fc,5699327f-aed0-4a19-9358-01285a82bf2b,,,,ov-usd-bucket,Library/Asset/HST_PTH/CT_HOP9LSSJ_D_h/CT_HOP9LSSJ_D_h.usd,Library/Asset/HST_PTH,thumbnails/default_equipment_thumbnail_picture.png,,2026-05-19 07:11:35.399963+00,2026-05-19 07:11:35.399963+00,ACTIVE,f,,,,,,,,,,da9a1890-d489-4460-b9ef-0854162a14fc,v1.0,t,,
daa540d1-eba0-4bdd-bae2-b7d760651805,9c2d1afd-53e7-4dfc-82d7-fdb9302160ae,,,,ov-usd-bucket,Library/Asset/Machine/CT_HCM548TS1/CT_HCM548TS1.usd,Library/Asset/Machine,thumbnails/default_equipment_thumbnail_picture.png,,2026-05-19 07:55:27.855028+00,2026-05-19 07:55:27.855028+00,ACTIVE,f,,,,,,,,,,daa540d1-eba0-4bdd-bae2-b7d760651805,v1.0,t,,
db927a1f-84c8-4062-8583-70cdafab4f08,f9692be3-2ac1-4eba-aa9f-5ad86a96d1e6,,,,ov-usd-bucket,Library/Asset/Machine/CT_HOUM548CNTSC12/CT_HOUM548CNTSC12.usd,Library/Asset/Machine,thumbnails/default_equipment_thumbnail_picture.png,,2026-05-19 07:55:27.855028+00,2026-05-19 07:55:27.855028+00,ACTIVE,f,,,,,,,,,,db927a1f-84c8-4062-8583-70cdafab4f08,v1.0,t,,
dbb2f993-0015-4b99-b75e-399c4d6ddf8c,12adb0a4-66f5-457d-9b3a-7666af177140,,,,ov-usd-bucket,Library/Asset/Machine/TR7007L_SII_Plus/TR7007L_SII_Plus.usd,Library/Asset/Machine,thumbnails/default_equipment_thumbnail_picture.png,,2026-05-19 07:55:27.855028+00,2026-05-19 07:55:27.855028+00,ACTIVE,f,,,,,,,,,,dbb2f993-0015-4b99-b75e-399c4d6ddf8c,v1.0,t,,
dc219ba6-70b0-4596-b7f4-a5da3f5cf094,1180f35b-6f2b-470d-9a1a-9b2cc2f35bfc,,,,ov-usd-bucket,Library/Asset/MBD_PACK/Packing_07/Packing_07.usd,Library/Asset/MBD_PACK,thumbnails/20260516-Snipaste_2026-05-16_12-37-52.png,,2026-05-06 06:50:11.27645+00,2026-05-21 09:26:42.97166+00,ACTIVE,f,,,,,,,,,,dc219ba6-70b0-4596-b7f4-a5da3f5cf094,v1.0,t,,
dca91fec-84b1-46e9-961d-08f594142c9b,2ed9562d-eedd-4c9e-94f3-a7591a63b5b5,,,,ov-usd-bucket,Library/Asset/MBD_Orchid/ManualStation_AWCPB/ManualStation_AWCPB.usd,Library/Asset/MBD_Orchid,thumbnails/default_equipment_thumbnail_picture.png,,2026-05-07 09:06:57.268981+00,2026-05-21 09:26:42.97166+00,ACTIVE,f,,,,,,,,,,dca91fec-84b1-46e9-961d-08f594142c9b,v1.0,t,,
dd4e11b8-3606-4aae-8bc5-04169d05d293,c23f6517-1224-4297-92bd-a1dbd64b09af,,,,ov-usd-bucket,Library/Asset/HST_PACK/CT_HOP_Stacking/CT_HOP_Stacking.usd,Library/Asset/HST_PACK,thumbnails/default_equipment_thumbnail_picture.png,,2026-05-19 06:51:59.123683+00,2026-05-19 06:51:59.123683+00,ACTIVE,f,,,,,,,,,,dd4e11b8-3606-4aae-8bc5-04169d05d293,v1.0,t,,
de90fbd8-b71f-47c5-b0d5-4b4da03a2898,aae04254-9b50-48dd-a43a-5ee790af7bef,,,,ov-usd-bucket,Library/Asset/Machine/CT_BNCZSM2/CT_BNCZSM2.usd,Library/Asset/Machine,thumbnails/default_equipment_thumbnail_picture.png,,2026-05-19 07:55:27.855028+00,2026-05-19 07:55:27.855028+00,ACTIVE,f,,,,,,,,,,de90fbd8-b71f-47c5-b0d5-4b4da03a2898,v1.0,t,,
def2400a-e6c6-4531-bf62-a372b0ac6d47,faf3a94c-e584-4489-b31a-e5450f8e0118,,,,ov-usd-bucket,Library/Asset/Machine/CT_HOUM548HM/CT_HOUM548HM.usd,Library/Asset/Machine,thumbnails/default_equipment_thumbnail_picture.png,,2026-05-19 07:55:27.855028+00,2026-05-19 07:55:27.855028+00,ACTIVE,f,,,,,,,,,,def2400a-e6c6-4531-bf62-a372b0ac6d47,v1.0,t,,
e03e40c5-48d5-466e-9eb1-c4180105901b,c7c598a7-dfaa-4b2c-a3e5-c30eaa2e91d3,,,,ov-usd-bucket,Library/Asset/Machine/CT_BNCZMYZJ/CT_BNCZMYZJ.usd,Library/Asset/Machine,thumbnails/default_equipment_thumbnail_picture.png,,2026-05-19 07:55:27.855028+00,2026-05-19 07:55:27.855028+00,ACTIVE,f,,,,,,,,,,e03e40c5-48d5-466e-9eb1-c4180105901b,v1.0,t,,
e273d499-9cd5-4737-9580-d70b409b4655,5ee03edf-bd9f-4671-a3d8-579f03894d33,,,,ov-usd-bucket,Library/Asset/Machine/CT_HCM548BSSC20/CT_HCM548BSSC20.usd,Library/Asset/Machine,thumbnails/default_equipment_thumbnail_picture.png,,2026-05-19 07:55:27.855028+00,2026-05-19 07:55:27.855028+00,ACTIVE,f,,,,,,,,,,e273d499-9cd5-4737-9580-d70b409b4655,v1.0,t,,
e2a0ce71-e0ab-4f6f-aaea-a821dbe0e473,fbd23d7b-5752-455f-840f-9765c1cbd359,,,,ov-usd-bucket,Library/Asset/HST_PACK/CT_HOPBLSJ/CT_HOPBLSJ.usd,Library/Asset/HST_PACK,thumbnails/default_equipment_thumbnail_picture.png,,2026-05-19 06:51:59.123683+00,2026-05-19 06:51:59.123683+00,ACTIVE,f,,,,,,,,,,e2a0ce71-e0ab-4f6f-aaea-a821dbe0e473,v1.0,t,,
e2f9bd62-dcf7-46ca-a21d-a77fba1567c4,fee10864-1253-4c16-af9b-a02753f6e023,,,,ov-usd-bucket,Library/Asset/Machine/CT_HBNCZSYZ/CT_HBNCZSYZ.usd,Library/Asset/Machine,thumbnails/default_equipment_thumbnail_picture.png,,2026-05-19 07:55:27.855028+00,2026-05-19 07:55:27.855028+00,ACTIVE,f,,,,,,,,,,e2f9bd62-dcf7-46ca-a21d-a77fba1567c4,v1.0,t,,
e52ed1f2-872c-4ff5-a26f-60a1b5cb8aac,92267238-5c68-44bf-a05f-5c375fbd261c,,,,ov-usd-bucket,Library/Asset/MBD_PACK/roll_04/roll_04.usd,Library/Asset/MBD_PACK,thumbnails/20260516-Snipaste_2026-05-16_12-40-32.png,,2026-05-06 06:50:11.27645+00,2026-05-21 09:26:42.97166+00,ACTIVE,f,,,,,,,,,,e52ed1f2-872c-4ff5-a26f-60a1b5cb8aac,v1.0,t,,
e5727683-65d4-4e57-b3cc-ec8d12e4cfb1,a7d53a4f-7f33-4bdb-809e-7113f025a493,,,,ov-usd-bucket,Library/Asset/MBD_VN/CS_MIDDLE/CS_MIDDLE.usd,Library/Asset/MBD_VN,thumbnails/20260516-Snipaste_2026-05-16_12-42-32.png,,2026-05-06 06:58:42.47232+00,2026-05-21 09:26:42.97166+00,ACTIVE,f,,,,,,,,,,e5727683-65d4-4e57-b3cc-ec8d12e4cfb1,v1.0,t,,
e57b7968-e780-4696-84d5-589cc1d713f5,fa970391-1754-43ce-b5cb-6f09be5c338d,,,,ov-usd-bucket,Library/Asset/HST_Dis_Assy_Sub/CT_HOUCCSPSL/CT_HOUCCSPSL.usd,Library/Asset/HST_Dis_Assy_Sub,thumbnails/default_equipment_thumbnail_picture.png,,2026-05-19 06:54:38.469855+00,2026-05-19 06:54:38.469855+00,ACTIVE,f,,,,,,,,,,e57b7968-e780-4696-84d5-589cc1d713f5,v1.0,t,,
e7209a1c-5c34-4673-b936-43ce4db4cdff,3a66bb1c-8e1d-462b-a704-4cfddc4b566c,,,,ov-usd-bucket,Library/Asset/Machine/CT_BNCZSHMC/CT_BNCZSHMC.usd,Library/Asset/Machine,thumbnails/default_equipment_thumbnail_picture.png,,2026-05-19 07:55:27.855028+00,2026-05-19 07:55:27.855028+00,ACTIVE,f,,,,,,,,,,e7209a1c-5c34-4673-b936-43ce4db4cdff,v1.0,t,,
e7956b4d-dd3d-4283-805a-da0d0ae32efb,a2ed2777-3ed6-4366-bed8-6aed4ae8ef85,,,,ov-usd-bucket,Library/Asset/HST_PTH/CT_HOP9LSSJ_M/CT_HOP9LSSJ_M.usd,Library/Asset/HST_PTH,thumbnails/default_equipment_thumbnail_picture.png,,2026-05-19 07:11:35.399963+00,2026-05-19 07:11:35.399963+00,ACTIVE,f,,,,,,,,,,e7956b4d-dd3d-4283-805a-da0d0ae32efb,v1.0,t,,
e8e48f3b-c1ff-4eaf-a2b0-260320e2dd5b,a172dc4a-2530-4e4a-a97a-147f4446e029,,,,ov-usd-bucket,Library/Asset/HST_PACK/CT_HOPBAOI/CT_HOPBAOI.usd,Library/Asset/HST_PACK,thumbnails/default_equipment_thumbnail_picture.png,,2026-05-19 06:51:59.123683+00,2026-05-19 06:51:59.123683+00,ACTIVE,f,,,,,,,,,,e8e48f3b-c1ff-4eaf-a2b0-260320e2dd5b,v1.0,t,,
ea965d8b-4ad7-44c3-b3b5-422beacfaac1,f21f9b22-24c8-49d8-bf0c-35426f305aa5,,,,ov-usd-bucket,Library/Asset/MBD_SMT/G_Ace500/G_Ace500.usd,Library/Asset/MBD_SMT,thumbnails/20260516-G_Ace500.png,,2026-05-05 03:13:36.72587+00,2026-05-21 09:26:42.97166+00,ACTIVE,f,,,,,,,,,,ea965d8b-4ad7-44c3-b3b5-422beacfaac1,v1.0,t,,
ebcc693b-7fdf-4308-90e5-ed202cebc125,9e2065ca-5958-4fd7-8bf0-de46e15456b9,,,,ov-usd-bucket,Library/Asset/Machine/MEP_8TL/MEP_8TL.usd,Library/Asset/Machine,thumbnails/default_equipment_thumbnail_picture.png,,2026-05-19 07:55:27.855028+00,2026-05-19 07:55:27.855028+00,ACTIVE,f,,,,,,,,,,ebcc693b-7fdf-4308-90e5-ed202cebc125,v1.0,t,,
ec1af1a2-17ba-47b2-845e-c63f4494c798,6c2879bb-57ac-4193-a0ed-76b0473643f5,,,,ov-usd-bucket,Library/Asset/MBD_PACK/Packing_03/Packing_03.usd,Library/Asset/MBD_PACK,thumbnails/20260516-Snipaste_2026-05-16_12-36-40.png,,2026-05-06 06:50:11.27645+00,2026-05-21 09:26:42.97166+00,ACTIVE,f,,,,,,,,,,ec1af1a2-17ba-47b2-845e-c63f4494c798,v1.0,t,,
ecce4e33-81e8-48cc-9395-5a201eea0883,20f7de72-ceef-45aa-b43a-8c4fcc71c579,,,,ov-usd-bucket,Library/Asset/HST_PTH/CT_HOP9_IIZJ/CT_HOP9_IIZJ.usd,Library/Asset/HST_PTH,thumbnails/default_equipment_thumbnail_picture.png,,2026-05-19 07:11:35.399963+00,2026-05-19 07:11:35.399963+00,ACTIVE,f,,,,,,,,,,ecce4e33-81e8-48cc-9395-5a201eea0883,v1.0,t,,
edb8546d-a952-416f-a260-8c5de1143c80,d2b7c5c6-90f0-404c-887c-baf3c549a285,,,,ov-usd-bucket,Library/Asset/Machine/CT_BNCCM/CT_BNCCM.usd,Library/Asset/Machine,thumbnails/default_equipment_thumbnail_picture.png,,2026-05-19 07:55:27.855028+00,2026-05-19 07:55:27.855028+00,ACTIVE,f,,,,,,,,,,edb8546d-a952-416f-a260-8c5de1143c80,v1.0,t,,
edc5711f-c380-4051-aaa2-1f2252e7b06a,4f5fbfd1-284f-486d-a407-0bb79f5f2b41,,,,ov-usd-bucket,Library/Asset/Machine/CT_HOUM548PCBSC24/CT_HOUM548PCBSC24.usd,Library/Asset/Machine,thumbnails/default_equipment_thumbnail_picture.png,,2026-05-19 07:55:27.855028+00,2026-05-19 07:55:27.855028+00,ACTIVE,f,,,,,,,,,,edc5711f-c380-4051-aaa2-1f2252e7b06a,v1.0,t,,
ee0f943c-6521-4c8c-a95c-3edc1d1a476f,b9b540c6-bbef-4a39-b0c1-56ff26f1e360,,,,ov-usd-bucket,Library/Asset/MBD_Orchid/BoardLoading_PCBA/BoardLoading_PCBA.usd,Library/Asset/MBD_Orchid,thumbnails/default_equipment_thumbnail_picture.png,,2026-05-07 09:06:57.268981+00,2026-05-21 09:26:42.97166+00,ACTIVE,f,,,,,,,,,,ee0f943c-6521-4c8c-a95c-3edc1d1a476f,v1.0,t,,
ee135b21-44d4-46f2-8df0-4868ab448961,f7515ac5-40a2-4c39-b507-9df23e823b9c,,,,ov-usd-bucket,Library/Asset/HST_PTH/CT_HOP9ZZJJ/CT_HOP9ZZJJ.usd,Library/Asset/HST_PTH,thumbnails/default_equipment_thumbnail_picture.png,,2026-05-19 07:11:35.399963+00,2026-05-19 07:11:35.399963+00,ACTIVE,f,,,,,,,,,,ee135b21-44d4-46f2-8df0-4868ab448961,v1.0,t,,
eff332e7-674b-443a-ba34-baeeec54c94e,df1370be-abf6-4c1a-88e5-d6fc083f533b,,,,ov-usd-bucket,Library/Asset/Machine/SGC_160B/SGC_160B.usd,Library/Asset/Machine,thumbnails/default_equipment_thumbnail_picture.png,,2026-05-19 07:55:27.855028+00,2026-05-19 07:55:27.855028+00,ACTIVE,f,,,,,,,,,,eff332e7-674b-443a-ba34-baeeec54c94e,v1.0,t,,
f0491e93-740f-4345-a479-f6d1e70aeb8d,d9864b9d-d76d-447e-af12-7923d9c6dce8,,,,ov-usd-bucket,Library/Asset/MBD_Orchid/Spring_Clip_FPU/Spring_Clip_FPU.usd,Library/Asset/MBD_Orchid,thumbnails/default_equipment_thumbnail_picture.png,,2026-05-07 09:06:57.268981+00,2026-05-21 09:26:42.97166+00,ACTIVE,f,,,,,,,,,,f0491e93-740f-4345-a479-f6d1e70aeb8d,v1.0,t,,
f30321c1-722b-4265-b525-d7318f220a7b,b9241298-9fc3-459b-b48c-c00640e53d30,,,,ov-usd-bucket,Library/Asset/Machine/XB_OTS_1300L/XB_OTS_1300L.usd,Library/Asset/Machine,thumbnails/default_equipment_thumbnail_picture.png,,2026-05-19 07:55:27.855028+00,2026-05-19 07:55:27.855028+00,ACTIVE,f,,,,,,,,,,f30321c1-722b-4265-b525-d7318f220a7b,v1.0,t,,
f31efd21-1b1c-4e05-b9f3-c1ed4f634e8e,2452f932-b105-4bc3-b989-d53eb0ad4cc7,,,,ov-usd-bucket,Library/Asset/MBD_VN/CSM_JTAG/CSM_JTAG.usd,Library/Asset/MBD_VN,thumbnails/20260516-Snipaste_2026-05-16_12-42-10.png,,2026-05-06 06:58:42.47232+00,2026-05-21 09:26:42.97166+00,ACTIVE,f,,,,,,,,,,f31efd21-1b1c-4e05-b9f3-c1ed4f634e8e,v1.0,t,,
f3e0a7e5-43e9-4fd7-bbb8-a7c7735e421f,9375c7ac-4b36-4c7d-a5c5-2c7e0d072c2d,,,,ov-usd-bucket,Library/Asset/Machine/PG548_GB300_Magazine_0910/PG548_GB300_Magazine_0910.usd,Library/Asset/Machine,thumbnails/default_equipment_thumbnail_picture.png,,2026-05-19 07:55:27.855028+00,2026-05-19 07:55:27.855028+00,ACTIVE,f,,,,,,,,,,f3e0a7e5-43e9-4fd7-bbb8-a7c7735e421f,v1.0,t,,
f7249a4d-ce46-411f-bbcf-69fb16474d5c,fa883c3a-1b20-46e5-8bb2-bafc4afe6234,,,,ov-usd-bucket,Library/Asset/Machine/SBL_820A/SBL_820A.usd,Library/Asset/Machine,thumbnails/default_equipment_thumbnail_picture.png,,2026-05-19 07:55:27.855028+00,2026-05-19 07:55:27.855028+00,ACTIVE,f,,,,,,,,,,f7249a4d-ce46-411f-bbcf-69fb16474d5c,v1.0,t,,
f73b256a-c42f-43a0-90bc-20c5475083a3,d2aaae22-34b1-4744-898d-720065862ae7,,,,ov-usd-bucket,Library/Asset/Machine/CT_HCM548PCB10/CT_HCM548PCB10.usd,Library/Asset/Machine,thumbnails/default_equipment_thumbnail_picture.png,,2026-05-19 07:55:27.855028+00,2026-05-19 07:55:27.855028+00,ACTIVE,f,,,,,,,,,,f73b256a-c42f-43a0-90bc-20c5475083a3,v1.0,t,,
f8f89b83-19ce-433f-be3f-fd3fae62f023,8ccff300-1b90-4041-b5ff-bce16995a0c3,,,,ov-usd-bucket,Library/Asset/HST_Dis_Assy_Sub/CT_HOUCCSPCBSC/CT_HOUCCSPCBSC.usd,Library/Asset/HST_Dis_Assy_Sub,thumbnails/default_equipment_thumbnail_picture.png,,2026-05-19 06:54:38.469855+00,2026-05-19 06:54:38.469855+00,ACTIVE,f,,,,,,,,,,f8f89b83-19ce-433f-be3f-fd3fae62f023,v1.0,t,,
fb703dc8-9469-4dfd-b413-652f1b3dfc32,4db38664-09db-42ed-81f9-ca59c4abc737,,,,ov-usd-bucket,Library/Asset/HST_PTH/CT_TWNF10_07_A001/CT_TWNF10_07_A001.usd,Library/Asset/HST_PTH,thumbnails/default_equipment_thumbnail_picture.png,,2026-05-19 07:11:35.399963+00,2026-05-19 07:11:35.399963+00,ACTIVE,f,,,,,,,,,,fb703dc8-9469-4dfd-b413-652f1b3dfc32,v1.0,t,,
fe089a04-1a7c-487c-8707-3590ac7abde3,cb3101dd-9a49-4332-a38d-35c00d131698,,,,ov-usd-bucket,Library/Asset/MBD_VN/SPC6_CPO_ASSEMBLY/SPC6_CPO_ASSEMBLY.usd,Library/Asset/MBD_VN,thumbnails/default_equipment_thumbnail_picture.png,,2026-05-06 06:58:42.47232+00,2026-05-06 06:58:42.47232+00,ACTIVE,f,,,,,,,,,,fe089a04-1a7c-487c-8707-3590ac7abde3,v1.0,t,,
ff0a17cc-7eb0-4367-b8da-2dd93813c2a8,555b1a6f-b3a3-478b-9faf-23234297f389,,,,ov-usd-bucket,Library/Asset/Machine/CT_HBNCZSPCBSC/CT_HBNCZSPCBSC.usd,Library/Asset/Machine,thumbnails/default_equipment_thumbnail_picture.png,,2026-05-19 07:55:27.855028+00,2026-05-19 07:55:27.855028+00,ACTIVE,f,,,,,,,,,,ff0a17cc-7eb0-4367-b8da-2dd93813c2a8,v1.0,t,,
ff387735-a765-41ef-aae8-9d5f7f521c76,81c6264d-dd84-4efa-89a0-89529bd05ab8,,,,ov-usd-bucket,Library/Asset/Machine/CT_HCM548CNTSC12/CT_HCM548CNTSC12.usd,Library/Asset/Machine,thumbnails/default_equipment_thumbnail_picture.png,,2026-05-19 07:55:27.855028+00,2026-05-19 07:55:27.855028+00,ACTIVE,f,,,,,,,,,,ff387735-a765-41ef-aae8-9d5f7f521c76,v1.0,t,,
ffab3e91-67a0-478e-a65b-7a75917380fa,ef2b4763-67ae-4910-ac89-78b0c2ec067d,,,,ov-usd-bucket,Library/Asset/Machine/Neo_180/Neo_180.usd,Library/Asset/Machine,thumbnails/default_equipment_thumbnail_picture.png,,2026-05-19 07:55:27.855028+00,2026-05-19 07:55:27.855028+00,ACTIVE,f,,,,,,,,,,ffab3e91-67a0-478e-a65b-7a75917380fa,v1.0,t,,
